--
-- Base de datos: `densadb`
--
CREATE DATABASE IF NOT EXISTS `densadb` DEFAULT CHARACTER SET utf8mb4 COLLATE utf8mb4_unicode_ci;
USE `densadb`;

-- --------------------------------------------------------

--
-- Estructura de tabla para la tabla `cfg_areas`
--

CREATE TABLE IF NOT EXISTS `cfg_areas` (
  `id` int(11) NOT NULL AUTO_INCREMENT,
  `area` varchar(50) NOT NULL,
  `alias` varchar(15) NOT NULL,
  PRIMARY KEY (`id`)
) ENGINE=InnoDB AUTO_INCREMENT=9 DEFAULT CHARSET=utf8mb4;

--
-- Volcado de datos para la tabla `cfg_areas`
--

INSERT INTO `cfg_areas` (`id`, `area`, `alias`) VALUES
(1, 'Administración', 'ADM'),
(2, 'Dirección', 'DIR'),
(3, 'Jefe', 'JEF'),
(4, 'Redes Sociales', 'WEB'),
(5, 'Supervisores', 'SUP'),
(6, 'Voz', 'VOZ'),
(7, 'Control y Monitoreo', 'ECM'),
(8, 'Ingeniería', 'ING');

-- --------------------------------------------------------

--
-- Estructura de tabla para la tabla `cfg_cargos`
--

CREATE TABLE IF NOT EXISTS `cfg_cargos` (
  `id` int(11) NOT NULL AUTO_INCREMENT,
  `cargo` varchar(50) NOT NULL,
  PRIMARY KEY (`id`)
) ENGINE=InnoDB AUTO_INCREMENT=14 DEFAULT CHARSET=utf8mb4;

--
-- Volcado de datos para la tabla `cfg_cargos`
--

INSERT INTO `cfg_cargos` (`id`, `cargo`) VALUES
(1, 'Administrador de Soluciones Analiticas'),
(2, 'Administradora Centro de Contactos'),
(3, 'Analista de Control y Monitoreo'),
(4, 'Analista de Recusos Humanos'),
(5, 'Conductor'),
(6, 'Coordinador de Asist. Serv. Aseg.'),
(7, 'Coordinador de Rendimientos'),
(8, 'Director Nacional'),
(9, 'Jefe de Control y Monitoreo'),
(10, 'Jefe de Servicio'),
(11, 'Mensajero'),
(12, 'Operador de Asist. Serv. Aseg. I'),
(13, 'Operador de Asist. Serv. Aseg. II');

-- --------------------------------------------------------

--
-- Estructura de tabla para la tabla `cfg_corregimientos`
--

CREATE TABLE IF NOT EXISTS `cfg_corregimientos` (
  `id` int(11) NOT NULL AUTO_INCREMENT,
  `distrito_id` int(11) NOT NULL,
  `corregimiento` varchar(50) NOT NULL,
  PRIMARY KEY (`id`),
  KEY `idistrit` (`distrito_id`)
) ENGINE=InnoDB AUTO_INCREMENT=632 DEFAULT CHARSET=utf8mb4;

--
-- Volcado de datos para la tabla `cfg_corregimientos`
--

INSERT INTO `cfg_corregimientos` (`id`, `distrito_id`, `corregimiento`) VALUES
(1, 1, 'Bocas del Toro'),
(2, 1, 'Bastimentos'),
(3, 1, 'Cauchero'),
(4, 1, 'Punta Laurel'),
(5, 1, 'Tierra Oscura'),
(6, 2, 'Changuinola'),
(7, 2, 'Almirante'),
(8, 2, 'Guabito'),
(9, 2, 'Teribe'),
(10, 2, 'Valle del Risco'),
(11, 2, 'El Empalme'),
(12, 2, 'Las Tablas'),
(13, 2, 'Cochigró'),
(14, 2, 'La Gloria'),
(15, 2, 'Las Delicias'),
(16, 2, 'Nance del Risco'),
(17, 2, 'Valle de Agua Arriba'),
(18, 3, 'Chiriquí Grande'),
(19, 3, 'Miramar'),
(20, 3, 'Punta Peña'),
(21, 3, 'Punta Robalo'),
(22, 3, 'Rambala'),
(23, 3, 'Bajo Cedro'),
(24, 4, 'Aguadulce'),
(25, 4, 'El Cristo'),
(26, 4, 'El Roble'),
(27, 4, 'Pocrí'),
(28, 4, 'Barrios Unidos'),
(29, 5, 'Antón'),
(30, 5, 'Cabuya'),
(31, 5, 'El Chirú'),
(32, 5, 'El Retiro'),
(33, 5, 'El Valle'),
(34, 5, 'Juan Díaz'),
(35, 5, 'Río Hato'),
(36, 5, 'San Juan de Dios'),
(37, 5, 'Santa Rita'),
(38, 5, 'Caballero'),
(39, 6, 'La Pintada'),
(40, 6, 'El Harino'),
(41, 6, 'El Potrero'),
(42, 6, 'Llano Grande'),
(43, 6, 'Piedras Gordas'),
(44, 6, 'Las Lomas'),
(45, 7, 'Natá'),
(46, 7, 'Capellanía'),
(47, 7, 'El Caño'),
(48, 7, 'Guzmán'),
(49, 7, 'Las Huacas'),
(50, 7, 'Toza'),
(51, 8, 'Olá'),
(52, 8, 'El Copé'),
(53, 8, 'El Palmar'),
(54, 8, 'El Picacho'),
(55, 8, 'La Pava'),
(56, 9, 'Penonomé'),
(57, 9, 'Cañaveral'),
(58, 9, 'Coclé'),
(59, 9, 'Chiguirí Arriba'),
(60, 9, 'El Coco'),
(61, 9, 'Pajonal'),
(62, 9, 'Río Grande'),
(63, 9, 'Río Indio'),
(64, 9, 'Toabré'),
(65, 9, 'Tulú'),
(66, 10, 'Barrio Norte'),
(67, 10, 'Barrio Sur'),
(68, 10, 'Buena Vista'),
(69, 10, 'Cativá'),
(70, 10, 'Ciricito'),
(71, 10, 'Cristóbal'),
(72, 10, 'Escobal'),
(73, 10, 'Limón'),
(74, 10, 'Nueva Providencia'),
(75, 10, 'Puerto Pilón'),
(76, 10, 'Sabanitas'),
(77, 10, 'Salamanca'),
(78, 10, 'San Juan'),
(79, 10, 'Santa Rosa'),
(80, 11, 'Nuevo Chagres'),
(81, 11, 'Achiote'),
(82, 11, 'El Guabo'),
(83, 11, 'La Encantada'),
(84, 11, 'Palmas Bellas'),
(85, 11, 'Piña'),
(86, 11, 'Salud'),
(87, 12, 'Miguel de la Borda'),
(88, 12, 'Coclé del Norte'),
(89, 12, 'El Guásimo'),
(90, 12, 'Gobea'),
(91, 12, 'Río Indio'),
(92, 12, 'San José del General'),
(93, 13, 'Portobelo'),
(94, 13, 'Cacique'),
(95, 13, 'Puerto Lindo o Garrote'),
(96, 13, 'Isla Grande'),
(97, 13, 'María Chiquita'),
(98, 14, 'Palenque'),
(99, 14, 'Cuango'),
(100, 14, 'Miramar'),
(101, 14, 'Nombre de Dios'),
(102, 14, 'Palmira'),
(103, 14, 'Playa Chiquita'),
(104, 14, 'Santa Isabel'),
(105, 14, 'Viento Frío'),
(106, 15, 'Alanje'),
(107, 16, 'Divalá'),
(108, 16, 'El Tejar'),
(109, 16, 'Guarumal'),
(110, 16, 'Palo Grande'),
(111, 16, 'Querévalo'),
(112, 16, 'Santo Tomás'),
(113, 16, 'Canta Gallo'),
(114, 16, 'Nuevo México'),
(115, 17, 'Puerto Armuelles'),
(116, 17, 'Limones'),
(117, 17, 'Progreso'),
(118, 17, 'Baco'),
(119, 17, 'Rodolfo Aguilar Delgado'),
(120, 18, 'Boquerón'),
(121, 18, 'Bágala'),
(122, 18, 'Cordillera'),
(123, 18, 'Guabal'),
(124, 18, 'Guayabal'),
(125, 18, 'Paraíso'),
(126, 18, 'Pedregal'),
(127, 18, 'Tijeras'),
(128, 19, 'Bajo Boquete'),
(129, 19, 'Caldera'),
(130, 19, 'Palmira'),
(131, 19, 'Alto Boquete'),
(132, 19, 'Jaramillo'),
(133, 19, 'Los Naranjos'),
(134, 20, 'La Concepción'),
(135, 20, 'Aserrío de Gariché'),
(136, 20, 'Bugaba'),
(137, 20, 'Cerro Punta'),
(138, 20, 'Gómez'),
(139, 20, 'La Estrella'),
(140, 20, 'San Andrés'),
(141, 20, 'Santa Marta'),
(142, 20, 'Santa Rosa'),
(143, 20, 'Santo Domingo'),
(144, 20, 'Sortová'),
(145, 20, 'Volcán'),
(146, 20, 'El Bongo'),
(147, 21, 'David'),
(148, 21, 'Bijagual'),
(149, 21, 'Cochea'),
(150, 21, 'Chiriquí'),
(151, 21, 'Guacá'),
(152, 21, 'Las Lomas'),
(153, 21, 'Pedregal'),
(154, 21, 'San Carlos'),
(155, 21, 'San Pablo Nuevo'),
(156, 21, 'San Pablo Viejo'),
(157, 22, 'Dolega'),
(158, 22, 'Dos Ríos'),
(159, 22, 'Los Anastacios'),
(160, 22, 'Potrerillos'),
(161, 22, 'Potrerillos Abajo'),
(162, 22, 'Rovira'),
(163, 22, 'Tinajas'),
(164, 22, 'Los Algarrobos'),
(165, 23, 'Gualaca'),
(166, 23, 'Hornito'),
(167, 23, 'Los Angeles'),
(168, 23, 'Paja de Sombrero'),
(169, 23, 'Rincón'),
(170, 24, 'Remedios'),
(171, 24, 'El Nancito'),
(172, 24, 'El Porvenir'),
(173, 24, 'El Puerto'),
(174, 24, 'Santa Lucia'),
(175, 25, 'Río Sereno'),
(176, 25, 'Breñon'),
(177, 25, 'Cañas Gordas'),
(178, 25, 'Monte Lirio'),
(179, 25, 'Plaza Caisán'),
(180, 25, 'Santa Cruz'),
(181, 25, 'Dominical'),
(182, 25, 'Santa Clara'),
(183, 26, 'Las Lajas'),
(184, 26, 'Juay'),
(185, 26, 'Lajas Adentro'),
(186, 26, 'San Félix'),
(187, 26, 'Santa Cruz'),
(188, 27, 'Horconcitos'),
(189, 27, 'Boca Chica'),
(190, 27, 'Boca del Monte'),
(191, 27, 'San Juan'),
(192, 27, 'San Lorenzo'),
(193, 28, 'Tolé'),
(194, 28, 'Bella Vista'),
(195, 28, 'Cerro Viejo'),
(196, 28, 'El Cristo'),
(197, 28, 'Justo Fidel Palacios'),
(198, 28, 'Lajas de Tolé'),
(199, 28, 'Potrero de Caña'),
(200, 28, 'Quebrada de Piedra'),
(201, 28, 'Veladero'),
(202, 29, 'La Palma'),
(203, 29, 'Camogantí'),
(204, 29, 'Chepigana'),
(205, 29, 'Garachiné'),
(206, 29, 'Jaqué'),
(207, 29, 'Puerto Piña'),
(208, 29, 'Río Congo'),
(209, 29, 'Río Iglesias'),
(210, 29, 'Sambú'),
(211, 29, 'Setegantí'),
(212, 29, 'Taimatí'),
(213, 29, 'Tucutí'),
(214, 29, 'Agua Fría'),
(215, 29, 'Cucunatí'),
(216, 29, 'Río Congo Arriba'),
(217, 29, 'Santa Fé'),
(218, 30, 'El Real de Santa María'),
(219, 30, 'Boca de Cupé'),
(220, 30, 'Paya'),
(221, 30, 'Pinogana'),
(222, 30, 'Púcuro'),
(223, 30, 'Yape'),
(224, 30, 'Yaviza'),
(225, 30, 'Metetí'),
(226, 30, 'Comarca Kuna de Wargandí'),
(227, 31, 'Chitré'),
(228, 31, 'La Arena'),
(229, 31, 'Monagrillo'),
(230, 31, 'Llano Bonito'),
(231, 31, 'San Juan Bautista'),
(232, 32, 'Las Minas'),
(233, 32, 'Chepo'),
(234, 32, 'Chumical'),
(235, 32, 'El Toro'),
(236, 32, 'Leones'),
(237, 32, 'Quebrada del Rosario'),
(238, 32, 'Quebrada El Ciprián'),
(239, 33, 'Los Pozos'),
(240, 33, 'Capurí'),
(241, 33, 'El Calabacito'),
(242, 33, 'El Cedro'),
(243, 33, 'La Arena'),
(244, 33, 'La Pitaloza'),
(245, 33, 'Los Cerritos'),
(246, 33, 'Los Cerros de Paja'),
(247, 33, 'Las Llanas'),
(248, 34, 'Ocú'),
(249, 34, 'Cerro Largo'),
(250, 34, 'Los Llanos'),
(251, 34, 'Llano Grande'),
(252, 34, 'Peñas Chatas'),
(253, 34, 'El Tijera'),
(254, 34, 'Menchaca'),
(255, 35, 'Parita'),
(256, 35, 'Cabuya'),
(257, 35, 'Los Castillos'),
(258, 35, 'Llano de la Cruz'),
(259, 35, 'París'),
(260, 35, 'Portobelillo'),
(261, 35, 'Potuga'),
(262, 36, 'Pesé'),
(263, 36, 'Las Cabras'),
(264, 36, 'El Pájaro'),
(265, 36, 'El Barrero'),
(266, 36, 'El Pedregoso'),
(267, 36, 'El Ciruelo'),
(268, 36, 'Sabanagrande'),
(269, 36, 'Rincón Hondo'),
(270, 37, 'Santa María'),
(271, 37, 'Chupampa'),
(272, 37, 'El Rincón'),
(273, 37, 'El Limón'),
(274, 37, 'Los Canelos'),
(275, 38, 'Guararé'),
(276, 38, 'El Espinal'),
(277, 38, 'El Macano'),
(278, 38, 'Guararé Arriba'),
(279, 38, 'La Enea'),
(280, 38, 'La Pasera'),
(281, 38, 'Las Trancas'),
(282, 38, 'Llano Abajo'),
(283, 38, 'El Hato'),
(284, 38, 'Perales'),
(285, 39, 'Las Tablas'),
(286, 39, 'Bajo Corral'),
(287, 39, 'Bayano'),
(288, 39, 'El Carate'),
(289, 39, 'El Cocal'),
(290, 39, 'El Manantial'),
(291, 39, 'El Muñoz'),
(292, 39, 'El Pedregoso'),
(293, 39, 'La Laja'),
(294, 39, 'La Miel'),
(295, 39, 'La Palma'),
(296, 39, 'La Tiza'),
(297, 39, 'Las Palmitas'),
(298, 39, 'Las Tablas Abajo'),
(299, 39, 'Nuario'),
(300, 39, 'Palmira'),
(301, 39, 'Peña Blanca'),
(302, 39, 'Río Hondo'),
(303, 39, 'San José'),
(304, 39, 'San Miguel'),
(305, 39, 'Santo Domingo'),
(306, 39, 'Sesteadero'),
(307, 39, 'Valle Rico'),
(308, 39, 'Vallerriquito'),
(309, 40, 'La Villa de los Santos'),
(310, 40, 'El Guásimo'),
(311, 40, 'La Colorada'),
(312, 40, 'La Espigadilla'),
(313, 40, 'Las Cruces'),
(314, 40, 'Las Guabas'),
(315, 40, 'Los Angeles'),
(316, 40, 'Los Olivos'),
(317, 40, 'Llano Largo'),
(318, 40, 'Sabanagrande'),
(319, 40, 'Santa Ana'),
(320, 40, 'Tres Quebradas'),
(321, 40, 'Agua Buena'),
(322, 40, 'Villa Lourdes'),
(323, 41, 'Macaracas'),
(324, 41, 'Bahía Honda'),
(325, 41, 'Bajos de Güera'),
(326, 41, 'Corozal'),
(327, 41, 'Chupá'),
(328, 41, 'El Cedro'),
(329, 41, 'Espino Amarillo'),
(330, 41, 'La Mesa'),
(331, 41, 'Las Palmas'),
(332, 41, 'Llano de Piedra'),
(333, 41, 'Mogollón'),
(334, 42, 'Pedasí'),
(335, 42, 'Los Asientos'),
(336, 42, 'Mariabé'),
(337, 42, 'Purio'),
(338, 42, 'Oria Arriba'),
(339, 43, 'Pocrí'),
(340, 43, 'El Cañafístulo'),
(341, 43, 'Lajamina'),
(342, 43, 'Paraíso'),
(343, 43, 'Paritilla'),
(344, 44, 'Tonosí'),
(345, 44, 'Altos de Güera'),
(346, 44, 'Cañas'),
(347, 44, 'El Bebedero'),
(348, 44, 'El Cacao'),
(349, 44, 'El Cortezo'),
(350, 44, 'Flores'),
(351, 44, 'Guánico'),
(352, 44, 'Tronosa'),
(353, 44, 'Cambutal'),
(354, 44, 'Isla de Cañas'),
(355, 45, 'San Miguel'),
(356, 45, 'La Ensenada'),
(357, 45, 'La Esmeralda'),
(358, 45, 'La Guinea'),
(359, 45, 'Pedro González'),
(360, 45, 'Saboga'),
(361, 46, 'Chepo'),
(362, 46, 'Cañita'),
(363, 46, 'Chepillo'),
(364, 46, 'El Llano'),
(365, 46, 'Las Margaritas'),
(366, 46, 'Santa Cruz de Chinina'),
(367, 46, 'Comarca Kuna de Madungandí'),
(368, 46, 'Tortí'),
(369, 47, 'Chimán'),
(370, 47, 'Brujas'),
(371, 47, 'Gonzalo Vásquez'),
(372, 47, 'Pásiga'),
(373, 47, 'Unión Santeña'),
(374, 48, 'San Felipe'),
(375, 48, 'El Chorrillo'),
(376, 48, 'Santa Ana'),
(377, 48, 'La Exposición o Calidonia'),
(378, 48, 'Curundú'),
(379, 48, 'Betania'),
(380, 48, 'Bella Vista'),
(381, 48, 'Pueblo Nuevo'),
(382, 48, 'San Francisco'),
(383, 48, 'Parque Lefevre'),
(384, 48, 'Río Abajo'),
(385, 48, 'Juan Díaz'),
(386, 48, 'Pedregal'),
(387, 48, 'Ancón'),
(388, 48, 'Chilibre'),
(389, 48, 'Las Cumbres'),
(390, 48, 'Pacora'),
(391, 48, 'San Martín'),
(392, 48, 'Tocumen'),
(393, 48, 'Las Mañanitas'),
(394, 48, '24 de diciembre'),
(395, 48, 'Alcalde Díaz'),
(396, 48, 'Ernesto Córdoba Campos'),
(397, 49, 'Amelia Denis de Icaza'),
(398, 49, 'Belisario Porras'),
(399, 49, 'José Domingo Espinar'),
(400, 49, 'Mateo Iturralde'),
(401, 49, 'Victoriano Lorenzo'),
(402, 49, 'Arnulfo Arias'),
(403, 49, 'Belisario Frías'),
(404, 49, 'Omar Torrijos'),
(405, 49, 'Rufina Alfaro'),
(406, 50, 'Taboga'),
(407, 50, 'Otoque Oriente'),
(408, 50, 'Otoque Occidente'),
(409, 51, 'Arraiján'),
(410, 51, 'Juan Demóstenes Arosemena'),
(411, 51, 'Nuevo Emperador'),
(412, 51, 'Santa Clara'),
(413, 51, 'Veracruz'),
(414, 51, 'Vista Alegre'),
(415, 51, 'Burunga'),
(416, 51, 'Cerro Silvestre'),
(417, 52, 'Capira'),
(418, 52, 'Caimito'),
(419, 52, 'Campana'),
(420, 52, 'Cermeño'),
(421, 52, 'Cirí de los Sotos'),
(422, 52, 'Cirí Grande'),
(423, 52, 'El Cacao'),
(424, 52, 'La Trinidad'),
(425, 52, 'Las Ollas Arriba'),
(426, 52, 'Lídice'),
(427, 52, 'Villa Carmen'),
(428, 52, 'Villa Rosario'),
(429, 52, 'Santa Rosa'),
(430, 53, 'Chame'),
(431, 53, 'Bejuco'),
(432, 53, 'Buenos Aires'),
(433, 53, 'Cabuya'),
(434, 53, 'Chicá'),
(435, 53, 'El Líbano'),
(436, 53, 'Las Lajas'),
(437, 53, 'Nueva Gorgona'),
(438, 53, 'Punta Chame'),
(439, 53, 'Sajalices'),
(440, 53, 'Sorá'),
(441, 54, 'Barrio Balboa'),
(442, 54, 'Barrio Colón'),
(443, 54, 'Amador'),
(444, 54, 'Arosemena'),
(445, 54, 'El Arado'),
(446, 54, 'El Coco'),
(447, 54, 'Feuillet'),
(448, 54, 'Guadalupe'),
(449, 54, 'Herrera'),
(450, 54, 'Hurtado'),
(451, 54, 'Iturralde'),
(452, 54, 'La Represa'),
(453, 54, 'Los Díaz'),
(454, 54, 'Mendoza'),
(455, 54, 'Obaldía'),
(456, 54, 'Playa Leona'),
(457, 54, 'Puerto Caimito'),
(458, 54, 'Santa Rita'),
(459, 55, 'San Carlos'),
(460, 55, 'El Espino'),
(461, 55, 'El Higo'),
(462, 55, 'Guayabito'),
(463, 55, 'La Ermita'),
(464, 55, 'La Laguna'),
(465, 55, 'Las Uvas'),
(466, 55, 'Los Llanitos'),
(467, 55, 'San José'),
(468, 56, 'Atalaya'),
(469, 56, 'El Barrito'),
(470, 56, 'La Montañuela'),
(471, 56, 'La Carrillo'),
(472, 56, 'San Antonio'),
(473, 57, 'Calobre'),
(474, 57, 'Barnizal'),
(475, 57, 'Chitra'),
(476, 57, 'El Cocla'),
(477, 57, 'El Potrero'),
(478, 57, 'La Laguna'),
(479, 57, 'La Raya de Calobre'),
(480, 57, 'La Tetilla'),
(481, 57, 'La Yeguada'),
(482, 57, 'Las Guías'),
(483, 57, 'Monjarás'),
(484, 57, 'San José'),
(485, 58, 'Cañazas'),
(486, 58, 'Cerro de Plata'),
(487, 58, 'El Picador'),
(488, 58, 'Los Valles'),
(489, 58, 'San José'),
(490, 58, 'San Marcelo'),
(491, 58, 'El Aromillo'),
(492, 58, 'Las Cruces'),
(493, 59, 'La Mesa'),
(494, 59, 'Bisvalles'),
(495, 59, 'Boró'),
(496, 59, 'Llano Grande'),
(497, 59, 'San Bartolo'),
(498, 59, 'Los Milagros'),
(499, 60, 'Las Palmas'),
(500, 60, 'Cerro de Casa'),
(501, 60, 'Corozal'),
(502, 60, 'El María'),
(503, 60, 'El Prado'),
(504, 60, 'El Rincón'),
(505, 60, 'Lolá'),
(506, 60, 'Pixvae'),
(507, 60, 'Puerto Vidal'),
(508, 60, 'San Martín de Porres'),
(509, 60, 'Viguí'),
(510, 60, 'Zapotillo'),
(511, 61, 'Montijo'),
(512, 61, 'Gobernadora'),
(513, 61, 'La Garceana'),
(514, 61, 'Leones'),
(515, 61, 'Pilón'),
(516, 61, 'Cébaco'),
(517, 61, 'Costa Hermosa'),
(518, 61, 'Unión del Norte'),
(519, 62, 'Río de Jesús'),
(520, 62, 'Las Huacas'),
(521, 62, 'Los Castillos'),
(522, 62, 'Utira'),
(523, 62, 'Catorce de Noviembre'),
(524, 63, 'San Francisco'),
(525, 63, 'Corral Falso'),
(526, 63, 'Los Hatillos'),
(527, 63, 'Remance'),
(528, 63, 'San Juan'),
(529, 63, 'San José'),
(530, 64, 'Santa Fé'),
(531, 64, 'Calovébora'),
(532, 64, 'El Alto'),
(533, 64, 'El Cuay'),
(534, 64, 'El Pantano'),
(535, 64, 'Gatú o Gatucito'),
(536, 64, 'Río Luis'),
(537, 64, 'Rubén Cantú'),
(538, 65, 'Santiago'),
(539, 65, 'La Colorada'),
(540, 65, 'La Peña'),
(541, 65, 'La Raya de Santa María'),
(542, 65, 'Ponuga'),
(543, 65, 'San Pedro del Espino'),
(544, 65, 'Canto del Llano'),
(545, 65, 'Los Algarrobos'),
(546, 65, 'Carlos Santana Ávila'),
(547, 65, 'Edwin Fábrega'),
(548, 65, 'San Martín de Porres'),
(549, 65, 'Urracá'),
(550, 66, 'Soná'),
(551, 66, 'Bahía Honda'),
(552, 66, 'Calidonia'),
(553, 66, 'Cativé'),
(554, 66, 'El Marañón'),
(555, 66, 'Guarumal'),
(556, 66, 'La Soledad'),
(557, 66, 'Quebrada de Oro'),
(558, 66, 'Río Grande'),
(559, 66, 'Rodeo Viejo'),
(560, 67, 'Llano de Catival o Mariato (Cabec)'),
(561, 67, 'Arenas'),
(562, 67, 'El Cacao'),
(563, 67, 'Quebro'),
(564, 67, 'Tebario'),
(565, 68, 'Narganá'),
(566, 68, 'Ailigandí'),
(567, 68, 'Puerto Obaldía'),
(568, 68, 'Tubualá'),
(569, 69, 'Cirilo Guainora'),
(570, 69, 'Lajas Blancas'),
(571, 69, 'Manuel Ortega'),
(572, 70, 'Río Sábalo'),
(573, 70, 'Jingurudó'),
(574, 71, 'Soloy'),
(575, 71, 'Boca de Balsa'),
(576, 71, 'Camarón Arriba'),
(577, 71, 'Cerro Banco'),
(578, 71, 'Cerro de Patena'),
(579, 71, 'Emplanada de Chorcha'),
(580, 71, 'Nämnoni'),
(581, 71, 'Niba'),
(582, 72, 'Hato Pilón'),
(583, 72, 'Cascabel'),
(584, 72, 'Hato Corotú'),
(585, 72, 'Hato Culantro'),
(586, 72, 'Hato Jobo'),
(587, 72, 'Hato Julí'),
(588, 72, 'Quebrada de Loro'),
(589, 72, 'Salto Dupí'),
(590, 73, 'Chichica'),
(591, 73, 'Alto Caballero'),
(592, 73, 'Bakama'),
(593, 73, 'Cerro Caña'),
(594, 73, 'Cerro Puerco'),
(595, 73, 'Krüa'),
(596, 73, 'Maraca'),
(597, 73, 'Nibra'),
(598, 73, 'Peña Blanca'),
(599, 73, 'Roka'),
(600, 73, 'Sitio Prado'),
(601, 73, 'Umani'),
(602, 74, 'Cerro Iglesias'),
(603, 74, 'Hato Chamí'),
(604, 74, 'Jädaberi'),
(605, 74, 'Lajero'),
(606, 74, 'Susama'),
(607, 75, 'Buenos Aires'),
(608, 75, 'Agua de Salud'),
(609, 75, 'Alto de Jesús'),
(610, 75, 'Cerro Pelado'),
(611, 75, 'El Bale'),
(612, 75, 'El Paredón'),
(613, 75, 'El Piro'),
(614, 75, 'Guayabito'),
(615, 75, 'Güibale'),
(616, 76, 'Bisira'),
(617, 76, 'Bürí'),
(618, 76, 'Guariviara'),
(619, 76, 'Guoroni'),
(620, 76, 'Kankintú'),
(621, 76, 'Mününi'),
(622, 76, 'Piedra Roja'),
(623, 76, 'Tuwai'),
(624, 76, 'Man Creek'),
(625, 77, 'Kusapín'),
(626, 77, 'Bahía Azul'),
(627, 77, 'Calovébora o Santa Catalina'),
(628, 77, 'Loma Yuca'),
(629, 77, 'Río Chiriquí'),
(630, 77, 'Tobobe'),
(631, 77, 'Valle Bonito');

-- --------------------------------------------------------

--
-- Estructura de tabla para la tabla `cfg_distritos`
--

CREATE TABLE IF NOT EXISTS `cfg_distritos` (
  `id` int(11) NOT NULL AUTO_INCREMENT,
  `provincia_id` int(11) NOT NULL,
  `distrito` varchar(50) NOT NULL,
  PRIMARY KEY (`id`),
  KEY `iprov` (`provincia_id`)
) ENGINE=InnoDB AUTO_INCREMENT=78 DEFAULT CHARSET=utf8mb4;

--
-- Volcado de datos para la tabla `cfg_distritos`
--

INSERT INTO `cfg_distritos` (`id`, `provincia_id`, `distrito`) VALUES
(1, 1, 'Bocas del Toro'),
(2, 1, 'Changuinola'),
(3, 1, 'Chiriquí Grande'),
(4, 2, 'Aguadulce'),
(5, 2, 'Antón'),
(6, 2, 'La Pintada'),
(7, 2, 'Natá'),
(8, 2, 'Olá'),
(9, 2, 'Penonomé'),
(10, 3, 'Colón'),
(11, 3, 'Chagres'),
(12, 3, 'Donoso'),
(13, 3, 'Portobelo'),
(14, 3, 'Santa Isabel'),
(15, 4, 'undefined'),
(16, 4, 'Alanje'),
(17, 4, 'Barú'),
(18, 4, 'Boquerón'),
(19, 4, 'Boquete'),
(20, 4, 'Bugaba'),
(21, 4, 'David'),
(22, 4, 'Dolega'),
(23, 4, 'Gualaca'),
(24, 4, 'Remedios'),
(25, 4, 'Renacimiento'),
(26, 4, 'San Félix'),
(27, 4, 'San Lorenzo'),
(28, 4, 'Tolé'),
(29, 5, 'Chepigana'),
(30, 5, 'Pinogana'),
(31, 6, 'Chitré'),
(32, 6, 'Las Minas'),
(33, 6, 'Los Pozos'),
(34, 6, 'Ocú'),
(35, 6, 'Parita'),
(36, 6, 'Pesé'),
(37, 6, 'Santa María'),
(38, 7, 'Guararé'),
(39, 7, 'Las Tablas'),
(40, 7, 'Los Santos'),
(41, 7, 'Macaracas'),
(42, 7, 'Pedasí'),
(43, 7, 'Pocrí'),
(44, 7, 'Tonosí'),
(45, 8, 'Balboa'),
(46, 8, 'Chepo'),
(47, 8, 'Chimán'),
(48, 8, 'Panamá'),
(49, 8, 'San Miguelito'),
(50, 8, 'Taboga'),
(51, 9, 'Arraiján'),
(52, 9, 'Capira'),
(53, 9, 'Chame'),
(54, 9, 'La Chorrera'),
(55, 9, 'San Carlos'),
(56, 10, 'Atalaya'),
(57, 10, 'Calobre'),
(58, 10, 'Cañazas'),
(59, 10, 'La Mesa'),
(60, 10, 'Las Palmas'),
(61, 10, 'Montijo'),
(62, 10, 'Río de Jesús'),
(63, 10, 'San Francisco'),
(64, 10, 'Santa Fé'),
(65, 10, 'Santiago'),
(66, 10, 'Soná'),
(67, 10, 'Mariato'),
(68, 11, 'Comarca Kuna Yala'),
(69, 12, 'Cémaco'),
(70, 12, 'Sambú'),
(71, 13, 'Besiko'),
(72, 13, 'Mironó'),
(73, 13, 'Müna'),
(74, 13, 'Nole Duima'),
(75, 13, 'Ñürüm'),
(76, 13, 'Kankintú'),
(77, 13, 'Kusapín');

-- --------------------------------------------------------

--
-- Estructura de tabla para la tabla `cfg_estados`
--

CREATE TABLE IF NOT EXISTS `cfg_estados` (
  `id` int(11) NOT NULL AUTO_INCREMENT,
  `estado` varchar(25) NOT NULL,
  PRIMARY KEY (`id`)
) ENGINE=InnoDB AUTO_INCREMENT=3 DEFAULT CHARSET=utf8mb4;

--
-- Volcado de datos para la tabla `cfg_estados`
--

INSERT INTO `cfg_estados` (`id`, `estado`) VALUES
(1, 'Activo'),
(2, 'Inactivo');

-- --------------------------------------------------------

--
-- Estructura de tabla para la tabla `cfg_generos`
--

CREATE TABLE IF NOT EXISTS `cfg_generos` (
  `id` int(11) NOT NULL AUTO_INCREMENT,
  `genero` varchar(25) NOT NULL,
  PRIMARY KEY (`id`)
) ENGINE=InnoDB AUTO_INCREMENT=3 DEFAULT CHARSET=utf8mb4;

--
-- Volcado de datos para la tabla `cfg_generos`
--

INSERT INTO `cfg_generos` (`id`, `genero`) VALUES
(1, 'Femenino'),
(2, 'Masculino');

-- --------------------------------------------------------

--
-- Estructura de tabla para la tabla `cfg_jefes`
--

CREATE TABLE IF NOT EXISTS `cfg_jefes` (
  `id` int(11) NOT NULL AUTO_INCREMENT,
  `nombre` varchar(80) COLLATE utf8mb4_unicode_ci NOT NULL,
  `usuario` varchar(25) COLLATE utf8mb4_unicode_ci NOT NULL,
  PRIMARY KEY (`id`)
) ENGINE=InnoDB AUTO_INCREMENT=17 DEFAULT CHARSET=utf8mb4 COLLATE=utf8mb4_unicode_ci;

--
-- Volcado de datos para la tabla `cfg_jefes`
--

INSERT INTO `cfg_jefes` (`id`, `nombre`, `usuario`) VALUES
(1, 'Algandona, Roberto', 'ralgandona'),
(2, 'Chen, Dayra', 'dachen'),
(3, 'Cortez, Lorena', 'lcortez'),
(4, 'Dominici, Antonio', 'adominici'),
(5, 'Fuentes, Daniel', 'dafuentes'),
(6, 'Gonzalez, Eric', 'ericgonzalezv'),
(7, 'Guerrero, Dixiana', 'dixguerrero'),
(8, 'Guevara, Lorena', 'loguevara'),
(9, 'Hubner, Karl', 'khubner'),
(10, 'Peterson, Alfredo', 'apeterson'),
(11, 'Quiros, Valerie', 'vquiros'),
(12, 'Rahman, Yaremi', 'yrahman'),
(13, 'Reina, Daira', 'dreina'),
(14, 'Tejada, Antonia', 'antejada'),
(15, 'Tejada, Victor', 'vtejada'),
(16, 'Veliz, Stephany', 'sveliz');

-- --------------------------------------------------------

--
-- Estructura de tabla para la tabla `cfg_perfiles`
--

CREATE TABLE IF NOT EXISTS `cfg_perfiles` (
  `id` int(11) NOT NULL AUTO_INCREMENT,
  `perfil` varchar(50) NOT NULL,
  PRIMARY KEY (`id`)
) ENGINE=InnoDB AUTO_INCREMENT=2 DEFAULT CHARSET=utf8mb4;

--
-- Volcado de datos para la tabla `cfg_perfiles`
--

INSERT INTO `cfg_perfiles` (`id`, `perfil`) VALUES
(1, 'Invitado');

-- --------------------------------------------------------

--
-- Estructura de tabla para la tabla `cfg_permisos`
--

CREATE TABLE IF NOT EXISTS `cfg_permisos` (
  `id` int(11) NOT NULL AUTO_INCREMENT,
  `perfil_id` int(11) NOT NULL,
  `rol_id` int(11) NOT NULL,
  PRIMARY KEY (`id`),
  KEY `ref_perfil` (`perfil_id`),
  KEY `ref_rol` (`rol_id`)
) ENGINE=InnoDB DEFAULT CHARSET=utf8mb4;

-- --------------------------------------------------------

--
-- Estructura de tabla para la tabla `cfg_provincias`
--

CREATE TABLE IF NOT EXISTS `cfg_provincias` (
  `id` int(11) NOT NULL AUTO_INCREMENT,
  `provincia` varchar(50) NOT NULL,
  PRIMARY KEY (`id`)
) ENGINE=InnoDB AUTO_INCREMENT=14 DEFAULT CHARSET=utf8mb4;

--
-- Volcado de datos para la tabla `cfg_provincias`
--

INSERT INTO `cfg_provincias` (`id`, `provincia`) VALUES
(1, 'BOCAS DEL TORO'),
(2, 'COCLÉ'),
(3, 'COLÓN'),
(4, 'CHIRIQUÍ'),
(5, 'DARIÉN'),
(6, 'HERRERA'),
(7, 'LOS SANTOS'),
(8, 'PANAMÁ'),
(9, 'PANAMÁ OESTE'),
(10, 'VERAGUAS'),
(11, 'COMARCA KUNA YALA'),
(12, 'COMARCA EMBERÁ'),
(13, 'COMARCA NGÄBE BUGLÉ');

-- --------------------------------------------------------

--
-- Estructura de tabla para la tabla `cfg_roles`
--

CREATE TABLE IF NOT EXISTS `cfg_roles` (
  `id` int(11) NOT NULL AUTO_INCREMENT,
  `rol` varchar(10) NOT NULL,
  `detalle` varchar(256) NOT NULL,
  PRIMARY KEY (`id`)
) ENGINE=InnoDB DEFAULT CHARSET=utf8mb4;

-- --------------------------------------------------------

--
-- Estructura de tabla para la tabla `cfg_tiposangre`
--

CREATE TABLE IF NOT EXISTS `cfg_tiposangre` (
  `id` int(11) NOT NULL AUTO_INCREMENT,
  `tiposangre` varchar(10) COLLATE utf8mb4_unicode_ci NOT NULL,
  PRIMARY KEY (`id`)
) ENGINE=InnoDB AUTO_INCREMENT=10 DEFAULT CHARSET=utf8mb4 COLLATE=utf8mb4_unicode_ci;

--
-- Volcado de datos para la tabla `cfg_tiposangre`
--

INSERT INTO `cfg_tiposangre` (`id`, `tiposangre`) VALUES
(1, 'A+'),
(2, 'A-'),
(3, 'B+'),
(4, 'B-'),
(5, 'AB+'),
(6, 'AB-'),
(7, 'O+'),
(8, 'O-'),
(9, 'NA');

-- --------------------------------------------------------

--
-- Estructura de tabla para la tabla `empleados`
--

CREATE TABLE IF NOT EXISTS `empleados` (
  `id` int(11) NOT NULL AUTO_INCREMENT,
  `ipersonal_id` int(11) NOT NULL,
  `ilaboral_id` int(11) NOT NULL,
  `idireccion_id` int(11) NOT NULL,
  `imedica_id` int(11) NOT NULL,
  `iacceso_id` int(11) NOT NULL,
  `iemergencia_id` int(11) NOT NULL,
  `icontacto_id` int(11) NOT NULL,
  PRIMARY KEY (`id`),
  KEY `iacceso` (`iacceso_id`),
  KEY `icontacto` (`icontacto_id`),
  KEY `idireccion` (`idireccion_id`),
  KEY `iemergencia` (`iemergencia_id`),
  KEY `ilaboral` (`ilaboral_id`),
  KEY `ipersonal` (`ipersonal_id`),
  KEY `imedica` (`imedica_id`)
) ENGINE=InnoDB AUTO_INCREMENT=102 DEFAULT CHARSET=utf8mb4;

--
-- Volcado de datos para la tabla `empleados`
--

INSERT INTO `empleados` (`id`, `ipersonal_id`, `ilaboral_id`, `idireccion_id`, `imedica_id`, `iacceso_id`, `iemergencia_id`, `icontacto_id`) VALUES
(1, 1, 1, 1, 1, 1, 1, 1),
(2, 2, 2, 2, 2, 2, 2, 2),
(3, 3, 3, 3, 3, 3, 3, 3),
(4, 4, 4, 4, 4, 4, 4, 4),
(5, 5, 5, 5, 5, 5, 5, 5),
(6, 6, 6, 6, 6, 6, 6, 6),
(7, 7, 7, 7, 7, 7, 7, 7),
(8, 8, 8, 8, 8, 8, 8, 8),
(9, 9, 9, 9, 9, 9, 9, 9),
(10, 10, 10, 10, 10, 10, 10, 10),
(11, 11, 11, 11, 11, 11, 11, 11),
(12, 12, 12, 12, 12, 12, 12, 12),
(13, 13, 13, 13, 13, 13, 13, 13),
(14, 14, 14, 14, 14, 14, 14, 14),
(15, 15, 15, 15, 15, 15, 15, 15),
(16, 16, 16, 16, 16, 16, 16, 16),
(17, 17, 17, 17, 17, 17, 17, 17),
(18, 18, 18, 18, 18, 18, 18, 18),
(19, 19, 19, 19, 19, 19, 19, 19),
(20, 20, 20, 20, 20, 20, 20, 20),
(21, 21, 21, 21, 21, 21, 21, 21),
(22, 22, 22, 22, 22, 22, 22, 22),
(23, 23, 23, 23, 23, 23, 23, 23),
(24, 24, 24, 24, 24, 24, 24, 24),
(25, 25, 25, 25, 25, 25, 25, 25),
(26, 26, 26, 26, 26, 26, 26, 26),
(27, 27, 27, 27, 27, 27, 27, 27),
(28, 28, 28, 28, 28, 28, 28, 28),
(29, 29, 29, 29, 29, 29, 29, 29),
(30, 30, 30, 30, 30, 30, 30, 30),
(31, 31, 31, 31, 31, 31, 31, 31),
(32, 32, 32, 32, 32, 32, 32, 32),
(33, 33, 33, 33, 33, 33, 33, 33),
(34, 34, 34, 34, 34, 34, 34, 34),
(35, 35, 35, 35, 35, 35, 35, 35),
(36, 36, 36, 36, 36, 36, 36, 36),
(37, 37, 37, 37, 37, 37, 37, 37),
(38, 38, 38, 38, 38, 38, 38, 38),
(39, 39, 39, 39, 39, 39, 39, 39),
(40, 40, 40, 40, 40, 40, 40, 40),
(41, 41, 41, 41, 41, 41, 41, 41),
(42, 42, 42, 42, 42, 42, 42, 42),
(43, 43, 43, 43, 43, 43, 43, 43),
(44, 44, 44, 44, 44, 44, 44, 44),
(45, 45, 45, 45, 45, 45, 45, 45),
(46, 46, 46, 46, 46, 46, 46, 46),
(47, 47, 47, 47, 47, 47, 47, 47),
(48, 48, 48, 48, 48, 48, 48, 48),
(49, 49, 49, 49, 49, 49, 49, 49),
(50, 50, 50, 50, 50, 50, 50, 50),
(51, 51, 51, 51, 51, 51, 51, 51),
(52, 52, 52, 52, 52, 52, 52, 52),
(53, 53, 53, 53, 53, 53, 53, 53),
(54, 54, 54, 54, 54, 54, 54, 54),
(55, 55, 55, 55, 55, 55, 55, 55),
(56, 56, 56, 56, 56, 56, 56, 56),
(57, 57, 57, 57, 57, 57, 57, 57),
(58, 58, 58, 58, 58, 58, 58, 58),
(59, 59, 59, 59, 59, 59, 59, 59),
(60, 60, 60, 60, 60, 60, 60, 60),
(61, 61, 61, 61, 61, 61, 61, 61),
(62, 62, 62, 62, 62, 62, 62, 62),
(63, 63, 63, 63, 63, 63, 63, 63),
(64, 64, 64, 64, 64, 64, 64, 64),
(65, 65, 65, 65, 65, 65, 65, 65),
(66, 66, 66, 66, 66, 66, 66, 66),
(67, 67, 67, 67, 67, 67, 67, 67),
(68, 68, 68, 68, 68, 68, 68, 68),
(69, 69, 69, 69, 69, 69, 69, 69),
(70, 70, 70, 70, 70, 70, 70, 70),
(71, 71, 71, 71, 71, 71, 71, 71),
(72, 72, 72, 72, 72, 72, 72, 72),
(73, 73, 73, 73, 73, 73, 73, 73),
(74, 74, 74, 74, 74, 74, 74, 74),
(75, 75, 75, 75, 75, 75, 75, 75),
(76, 76, 76, 76, 76, 76, 76, 76),
(77, 77, 77, 77, 77, 77, 77, 77),
(78, 78, 78, 78, 78, 78, 78, 78),
(79, 79, 79, 79, 79, 79, 79, 79),
(80, 80, 80, 80, 80, 80, 80, 80),
(81, 81, 81, 81, 81, 81, 81, 81),
(82, 82, 82, 82, 82, 82, 82, 82),
(83, 83, 83, 83, 83, 83, 83, 83),
(84, 84, 84, 84, 84, 84, 84, 84),
(85, 85, 85, 85, 85, 85, 85, 85),
(86, 86, 86, 86, 86, 86, 86, 86),
(87, 87, 87, 87, 87, 87, 87, 87),
(88, 88, 88, 88, 88, 88, 88, 88),
(89, 89, 89, 89, 89, 89, 89, 89),
(90, 90, 90, 90, 90, 90, 90, 90),
(91, 91, 91, 91, 91, 91, 91, 91),
(92, 92, 92, 92, 92, 92, 92, 92),
(93, 93, 93, 93, 93, 93, 93, 93),
(94, 94, 94, 94, 94, 94, 94, 94),
(95, 95, 95, 95, 95, 95, 95, 95),
(96, 96, 96, 96, 96, 96, 96, 96),
(97, 97, 97, 97, 97, 97, 97, 97),
(98, 98, 98, 98, 98, 98, 98, 98),
(99, 99, 99, 99, 99, 99, 99, 99),
(100, 100, 100, 100, 100, 100, 100, 100),
(101, 101, 101, 101, 101, 101, 101, 101);

-- --------------------------------------------------------

--
-- Estructura de tabla para la tabla `inf_acceso`
--

CREATE TABLE IF NOT EXISTS `inf_acceso` (
  `id` int(11) NOT NULL AUTO_INCREMENT,
  `usuario` varchar(30) NOT NULL,
  `perfil` int(11) NOT NULL,
  `avatar` text DEFAULT NULL,
  `clave` varchar(120) NOT NULL,
  PRIMARY KEY (`id`),
  UNIQUE KEY `usuario` (`usuario`),
  KEY `perfil` (`perfil`)
) ENGINE=InnoDB AUTO_INCREMENT=102 DEFAULT CHARSET=utf8mb4;

--
-- Volcado de datos para la tabla `inf_acceso`
--

INSERT INTO `inf_acceso` (`id`, `usuario`, `perfil`, `avatar`, `clave`) VALUES
(1, 'aigraell', 1, '', '$2y$10$0vQjeZ5HHfrYvNWerbW2veAeHc60BaA9n36Rj2mLTVOpHOGLhhHDK'),
(2, 'antejada', 1, '', '$2y$10$0vQjeZ5HHfrYvNWerbW2veAeHc60BaA9n36Rj2mLTVOpHOGLhhHDK'),
(3, 'adominici', 1, '', '$2y$10$0vQjeZ5HHfrYvNWerbW2veAeHc60BaA9n36Rj2mLTVOpHOGLhhHDK'),
(4, 'bramirez', 1, '', '$2y$10$0vQjeZ5HHfrYvNWerbW2veAeHc60BaA9n36Rj2mLTVOpHOGLhhHDK'),
(5, 'davconcepcion', 1, '', '$2y$10$0vQjeZ5HHfrYvNWerbW2veAeHc60BaA9n36Rj2mLTVOpHOGLhhHDK'),
(6, 'ferncastillo', 1, '', '$2y$10$0vQjeZ5HHfrYvNWerbW2veAeHc60BaA9n36Rj2mLTVOpHOGLhhHDK'),
(7, 'glguerra', 1, '', '$2y$10$0vQjeZ5HHfrYvNWerbW2veAeHc60BaA9n36Rj2mLTVOpHOGLhhHDK'),
(8, 'inggomez', 1, '', '$2y$10$0vQjeZ5HHfrYvNWerbW2veAeHc60BaA9n36Rj2mLTVOpHOGLhhHDK'),
(9, 'jluis', 1, '', '$2y$10$0vQjeZ5HHfrYvNWerbW2veAeHc60BaA9n36Rj2mLTVOpHOGLhhHDK'),
(10, 'locerrud', 1, '', '$2y$10$0vQjeZ5HHfrYvNWerbW2veAeHc60BaA9n36Rj2mLTVOpHOGLhhHDK'),
(11, 'marmosquera', 1, '', '$2y$10$0vQjeZ5HHfrYvNWerbW2veAeHc60BaA9n36Rj2mLTVOpHOGLhhHDK'),
(12, 'mford', 1, '', '$2y$10$0vQjeZ5HHfrYvNWerbW2veAeHc60BaA9n36Rj2mLTVOpHOGLhhHDK'),
(13, 'scoke', 1, '', '$2y$10$0vQjeZ5HHfrYvNWerbW2veAeHc60BaA9n36Rj2mLTVOpHOGLhhHDK'),
(14, 'wsabin', 1, '', '$2y$10$0vQjeZ5HHfrYvNWerbW2veAeHc60BaA9n36Rj2mLTVOpHOGLhhHDK'),
(15, 'kbennett', 1, '', '$2y$10$0vQjeZ5HHfrYvNWerbW2veAeHc60BaA9n36Rj2mLTVOpHOGLhhHDK'),
(16, 'khubner', 1, '', '$2y$10$0vQjeZ5HHfrYvNWerbW2veAeHc60BaA9n36Rj2mLTVOpHOGLhhHDK'),
(17, 'yacastro', 1, '', '$2y$10$0vQjeZ5HHfrYvNWerbW2veAeHc60BaA9n36Rj2mLTVOpHOGLhhHDK'),
(18, 'jospinzon', 1, '', '$2y$10$0vQjeZ5HHfrYvNWerbW2veAeHc60BaA9n36Rj2mLTVOpHOGLhhHDK'),
(19, 'lijuarez', 1, '', '$2y$10$0vQjeZ5HHfrYvNWerbW2veAeHc60BaA9n36Rj2mLTVOpHOGLhhHDK'),
(20, 'loguevara', 1, '', '$2y$10$0vQjeZ5HHfrYvNWerbW2veAeHc60BaA9n36Rj2mLTVOpHOGLhhHDK'),
(21, 'danitbatista', 1, '', '$2y$10$0vQjeZ5HHfrYvNWerbW2veAeHc60BaA9n36Rj2mLTVOpHOGLhhHDK'),
(22, 'edpineda', 1, '', '$2y$10$0vQjeZ5HHfrYvNWerbW2veAeHc60BaA9n36Rj2mLTVOpHOGLhhHDK'),
(23, 'maryherrera', 1, '', '$2y$10$0vQjeZ5HHfrYvNWerbW2veAeHc60BaA9n36Rj2mLTVOpHOGLhhHDK'),
(24, 'johenriquez', 1, '', '$2y$10$0vQjeZ5HHfrYvNWerbW2veAeHc60BaA9n36Rj2mLTVOpHOGLhhHDK'),
(25, 'girgonzalez', 1, '', '$2y$10$0vQjeZ5HHfrYvNWerbW2veAeHc60BaA9n36Rj2mLTVOpHOGLhhHDK'),
(26, 'dixguerrero', 1, '', '$2y$10$0vQjeZ5HHfrYvNWerbW2veAeHc60BaA9n36Rj2mLTVOpHOGLhhHDK'),
(27, 'jemoran', 1, '', '$2y$10$0vQjeZ5HHfrYvNWerbW2veAeHc60BaA9n36Rj2mLTVOpHOGLhhHDK'),
(28, 'sarrodriguez', 1, '', '$2y$10$0vQjeZ5HHfrYvNWerbW2veAeHc60BaA9n36Rj2mLTVOpHOGLhhHDK'),
(29, 'frchong', 1, '', '$2y$10$0vQjeZ5HHfrYvNWerbW2veAeHc60BaA9n36Rj2mLTVOpHOGLhhHDK'),
(30, 'dancedeno', 1, '', '$2y$10$0vQjeZ5HHfrYvNWerbW2veAeHc60BaA9n36Rj2mLTVOpHOGLhhHDK'),
(31, 'marjlopez', 1, '', '$2y$10$0vQjeZ5HHfrYvNWerbW2veAeHc60BaA9n36Rj2mLTVOpHOGLhhHDK'),
(32, 'eshernandez', 1, '', '$2y$10$0vQjeZ5HHfrYvNWerbW2veAeHc60BaA9n36Rj2mLTVOpHOGLhhHDK'),
(33, 'ivnunez', 1, '', '$2y$10$0vQjeZ5HHfrYvNWerbW2veAeHc60BaA9n36Rj2mLTVOpHOGLhhHDK'),
(34, 'anbethancourt', 1, '', '$2y$10$0vQjeZ5HHfrYvNWerbW2veAeHc60BaA9n36Rj2mLTVOpHOGLhhHDK'),
(35, 'vdelrio', 1, '', '$2y$10$0vQjeZ5HHfrYvNWerbW2veAeHc60BaA9n36Rj2mLTVOpHOGLhhHDK'),
(36, 'gcoronado', 1, '', '$2y$10$0vQjeZ5HHfrYvNWerbW2veAeHc60BaA9n36Rj2mLTVOpHOGLhhHDK'),
(37, 'julcorrea', 1, '', '$2y$10$0vQjeZ5HHfrYvNWerbW2veAeHc60BaA9n36Rj2mLTVOpHOGLhhHDK'),
(38, 'arqgalvez', 1, '', '$2y$10$0vQjeZ5HHfrYvNWerbW2veAeHc60BaA9n36Rj2mLTVOpHOGLhhHDK'),
(39, 'dafuentes', 1, '', '$2y$10$0vQjeZ5HHfrYvNWerbW2veAeHc60BaA9n36Rj2mLTVOpHOGLhhHDK'),
(40, 'hfranco', 1, '', '$2y$10$0vQjeZ5HHfrYvNWerbW2veAeHc60BaA9n36Rj2mLTVOpHOGLhhHDK'),
(41, 'lcortez', 1, '', '$2y$10$0vQjeZ5HHfrYvNWerbW2veAeHc60BaA9n36Rj2mLTVOpHOGLhhHDK'),
(42, 'nivaldes', 1, '', '$2y$10$0vQjeZ5HHfrYvNWerbW2veAeHc60BaA9n36Rj2mLTVOpHOGLhhHDK'),
(43, 'rubmorales', 1, '', '$2y$10$0vQjeZ5HHfrYvNWerbW2veAeHc60BaA9n36Rj2mLTVOpHOGLhhHDK'),
(44, 'rolaguilar', 1, '', '$2y$10$0vQjeZ5HHfrYvNWerbW2veAeHc60BaA9n36Rj2mLTVOpHOGLhhHDK'),
(45, 'rmontero', 1, '', '$2y$10$0vQjeZ5HHfrYvNWerbW2veAeHc60BaA9n36Rj2mLTVOpHOGLhhHDK'),
(46, 'melmartinez', 1, '', '$2y$10$0vQjeZ5HHfrYvNWerbW2veAeHc60BaA9n36Rj2mLTVOpHOGLhhHDK'),
(47, 'yrahman', 1, '', '$2y$10$0vQjeZ5HHfrYvNWerbW2veAeHc60BaA9n36Rj2mLTVOpHOGLhhHDK'),
(48, 'dmolino', 1, '', '$2y$10$0vQjeZ5HHfrYvNWerbW2veAeHc60BaA9n36Rj2mLTVOpHOGLhhHDK'),
(49, 'neriortega', 1, '', '$2y$10$0vQjeZ5HHfrYvNWerbW2veAeHc60BaA9n36Rj2mLTVOpHOGLhhHDK'),
(50, 'lmartinez', 1, '', '$2y$10$0vQjeZ5HHfrYvNWerbW2veAeHc60BaA9n36Rj2mLTVOpHOGLhhHDK'),
(51, 'novilla', 1, '', '$2y$10$0vQjeZ5HHfrYvNWerbW2veAeHc60BaA9n36Rj2mLTVOpHOGLhhHDK'),
(52, 'jbrugiatti', 1, '', '$2y$10$0vQjeZ5HHfrYvNWerbW2veAeHc60BaA9n36Rj2mLTVOpHOGLhhHDK'),
(53, 'nlondono', 1, '', '$2y$10$0vQjeZ5HHfrYvNWerbW2veAeHc60BaA9n36Rj2mLTVOpHOGLhhHDK'),
(54, 'arenteria', 1, '', '$2y$10$0vQjeZ5HHfrYvNWerbW2veAeHc60BaA9n36Rj2mLTVOpHOGLhhHDK'),
(55, 'cacollado', 1, '', '$2y$10$0vQjeZ5HHfrYvNWerbW2veAeHc60BaA9n36Rj2mLTVOpHOGLhhHDK'),
(56, 'siolivares', 1, '', '$2y$10$0vQjeZ5HHfrYvNWerbW2veAeHc60BaA9n36Rj2mLTVOpHOGLhhHDK'),
(57, 'tpolo', 1, '', '$2y$10$0vQjeZ5HHfrYvNWerbW2veAeHc60BaA9n36Rj2mLTVOpHOGLhhHDK'),
(58, 'gisssanchez', 1, '', '$2y$10$0vQjeZ5HHfrYvNWerbW2veAeHc60BaA9n36Rj2mLTVOpHOGLhhHDK'),
(59, 'gman', 1, '', '$2y$10$0vQjeZ5HHfrYvNWerbW2veAeHc60BaA9n36Rj2mLTVOpHOGLhhHDK'),
(60, 'jaquiros', 1, '', '$2y$10$0vQjeZ5HHfrYvNWerbW2veAeHc60BaA9n36Rj2mLTVOpHOGLhhHDK'),
(61, 'vquiros', 1, '', '$2y$10$0vQjeZ5HHfrYvNWerbW2veAeHc60BaA9n36Rj2mLTVOpHOGLhhHDK'),
(62, 'avelez', 1, '', '$2y$10$0vQjeZ5HHfrYvNWerbW2veAeHc60BaA9n36Rj2mLTVOpHOGLhhHDK'),
(63, 'conavarro', 1, '', '$2y$10$0vQjeZ5HHfrYvNWerbW2veAeHc60BaA9n36Rj2mLTVOpHOGLhhHDK'),
(64, 'celirodriguez', 1, '', '$2y$10$0vQjeZ5HHfrYvNWerbW2veAeHc60BaA9n36Rj2mLTVOpHOGLhhHDK'),
(65, 'yarmunoz', 1, '', '$2y$10$0vQjeZ5HHfrYvNWerbW2veAeHc60BaA9n36Rj2mLTVOpHOGLhhHDK'),
(66, 'cacedeno', 1, '', '$2y$10$0vQjeZ5HHfrYvNWerbW2veAeHc60BaA9n36Rj2mLTVOpHOGLhhHDK'),
(67, 'dachen', 1, '', '$2y$10$0vQjeZ5HHfrYvNWerbW2veAeHc60BaA9n36Rj2mLTVOpHOGLhhHDK'),
(68, 'yulrodriguez', 1, '', '$2y$10$0vQjeZ5HHfrYvNWerbW2veAeHc60BaA9n36Rj2mLTVOpHOGLhhHDK'),
(69, 'vedelacruz', 1, '', '$2y$10$0vQjeZ5HHfrYvNWerbW2veAeHc60BaA9n36Rj2mLTVOpHOGLhhHDK'),
(70, 'glchanis', 1, '', '$2y$10$0vQjeZ5HHfrYvNWerbW2veAeHc60BaA9n36Rj2mLTVOpHOGLhhHDK'),
(71, 'vimoran', 1, '', '$2y$10$0vQjeZ5HHfrYvNWerbW2veAeHc60BaA9n36Rj2mLTVOpHOGLhhHDK'),
(72, 'yavallejos', 1, '', '$2y$10$0vQjeZ5HHfrYvNWerbW2veAeHc60BaA9n36Rj2mLTVOpHOGLhhHDK'),
(73, 'ralgandona', 1, '', '$2y$10$0vQjeZ5HHfrYvNWerbW2veAeHc60BaA9n36Rj2mLTVOpHOGLhhHDK'),
(74, 'vtejada', 1, '', '$2y$10$0vQjeZ5HHfrYvNWerbW2veAeHc60BaA9n36Rj2mLTVOpHOGLhhHDK'),
(75, 'yetienne', 1, '', '$2y$10$0vQjeZ5HHfrYvNWerbW2veAeHc60BaA9n36Rj2mLTVOpHOGLhhHDK'),
(76, 'yramos', 1, '', '$2y$10$0vQjeZ5HHfrYvNWerbW2veAeHc60BaA9n36Rj2mLTVOpHOGLhhHDK'),
(77, 'ztrejos', 1, '', '$2y$10$0vQjeZ5HHfrYvNWerbW2veAeHc60BaA9n36Rj2mLTVOpHOGLhhHDK'),
(78, 'milagonzalez', 1, '', '$2y$10$0vQjeZ5HHfrYvNWerbW2veAeHc60BaA9n36Rj2mLTVOpHOGLhhHDK'),
(79, 'yamilgonzalez', 1, '', '$2y$10$0vQjeZ5HHfrYvNWerbW2veAeHc60BaA9n36Rj2mLTVOpHOGLhhHDK'),
(80, 'gorodriguez', 1, '', '$2y$10$0vQjeZ5HHfrYvNWerbW2veAeHc60BaA9n36Rj2mLTVOpHOGLhhHDK'),
(81, 'marvillarreal', 1, '', '$2y$10$0vQjeZ5HHfrYvNWerbW2veAeHc60BaA9n36Rj2mLTVOpHOGLhhHDK'),
(82, 'dreina', 1, '', '$2y$10$0vQjeZ5HHfrYvNWerbW2veAeHc60BaA9n36Rj2mLTVOpHOGLhhHDK'),
(83, 'kdurango', 1, '', '$2y$10$0vQjeZ5HHfrYvNWerbW2veAeHc60BaA9n36Rj2mLTVOpHOGLhhHDK'),
(84, 'ariasanchez', 1, '', '$2y$10$0vQjeZ5HHfrYvNWerbW2veAeHc60BaA9n36Rj2mLTVOpHOGLhhHDK'),
(85, 'marielrodriguez', 1, '', '$2y$10$0vQjeZ5HHfrYvNWerbW2veAeHc60BaA9n36Rj2mLTVOpHOGLhhHDK'),
(86, 'ensandoval', 1, '', '$2y$10$0vQjeZ5HHfrYvNWerbW2veAeHc60BaA9n36Rj2mLTVOpHOGLhhHDK'),
(87, 'gerreyes', 1, '', '$2y$10$0vQjeZ5HHfrYvNWerbW2veAeHc60BaA9n36Rj2mLTVOpHOGLhhHDK'),
(88, 'jearrocha', 1, '', '$2y$10$0vQjeZ5HHfrYvNWerbW2veAeHc60BaA9n36Rj2mLTVOpHOGLhhHDK'),
(89, 'kchan', 1, '', '$2y$10$0vQjeZ5HHfrYvNWerbW2veAeHc60BaA9n36Rj2mLTVOpHOGLhhHDK'),
(90, 'rossantamaria', 1, '', '$2y$10$0vQjeZ5HHfrYvNWerbW2veAeHc60BaA9n36Rj2mLTVOpHOGLhhHDK'),
(91, 'gaflores', 1, '', '$2y$10$0vQjeZ5HHfrYvNWerbW2veAeHc60BaA9n36Rj2mLTVOpHOGLhhHDK'),
(92, 'cvillaverde', 1, '', '$2y$10$0vQjeZ5HHfrYvNWerbW2veAeHc60BaA9n36Rj2mLTVOpHOGLhhHDK'),
(93, 'mnoval', 1, '', '$2y$10$0vQjeZ5HHfrYvNWerbW2veAeHc60BaA9n36Rj2mLTVOpHOGLhhHDK'),
(94, 'jpile', 1, '', '$2y$10$0vQjeZ5HHfrYvNWerbW2veAeHc60BaA9n36Rj2mLTVOpHOGLhhHDK'),
(95, 'aarchibold', 1, '', '$2y$10$0vQjeZ5HHfrYvNWerbW2veAeHc60BaA9n36Rj2mLTVOpHOGLhhHDK'),
(96, 'sveliz', 1, '', '$2y$10$0vQjeZ5HHfrYvNWerbW2veAeHc60BaA9n36Rj2mLTVOpHOGLhhHDK'),
(97, 'zestrada', 1, '', '$2y$10$0vQjeZ5HHfrYvNWerbW2veAeHc60BaA9n36Rj2mLTVOpHOGLhhHDK'),
(98, 'jmina', 1, '', '$2y$10$0vQjeZ5HHfrYvNWerbW2veAeHc60BaA9n36Rj2mLTVOpHOGLhhHDK'),
(99, 'ericgonzalezv', 1, '', '$2y$10$0vQjeZ5HHfrYvNWerbW2veAeHc60BaA9n36Rj2mLTVOpHOGLhhHDK'),
(100, 'jingonzalez', 1, '', '$2y$10$0vQjeZ5HHfrYvNWerbW2veAeHc60BaA9n36Rj2mLTVOpHOGLhhHDK'),
(101, 'lilmoreno', 1, '', '$2y$10$0vQjeZ5HHfrYvNWerbW2veAeHc60BaA9n36Rj2mLTVOpHOGLhhHDK');

-- --------------------------------------------------------

--
-- Estructura de tabla para la tabla `inf_contacto`
--

CREATE TABLE IF NOT EXISTS `inf_contacto` (
  `id` int(11) NOT NULL AUTO_INCREMENT,
  `telefono` varchar(15) NOT NULL,
  `celular` varchar(15) NOT NULL,
  `correo` varchar(50) NOT NULL,
  PRIMARY KEY (`id`)
) ENGINE=InnoDB AUTO_INCREMENT=102 DEFAULT CHARSET=utf8mb4;

--
-- Volcado de datos para la tabla `inf_contacto`
--

INSERT INTO `inf_contacto` (`id`, `telefono`, `celular`, `correo`) VALUES
(1, '9999999', '62412184', 'usuario@correo_personal.com'),
(2, '9999999', '64711014', 'usuario@correo_personal.com'),
(3, '9999999', '66723650', 'usuario@correo_personal.com'),
(4, '9999999', '67889734', 'usuario@correo_personal.com'),
(5, '9999999', '64019124', 'usuario@correo_personal.com'),
(6, '9999999', '66571630', 'usuario@correo_personal.com'),
(7, '9999999', '67461473', 'usuario@correo_personal.com'),
(8, '9999999', '69518852', 'usuario@correo_personal.com'),
(9, '9999999', '66963025', 'usuario@correo_personal.com'),
(10, '9999999', '66886370', 'usuario@correo_personal.com'),
(11, '9999999', '66170755', 'usuario@correo_personal.com'),
(12, '9999999', '65386846', 'usuario@correo_personal.com'),
(13, '9999999', '61064188', 'usuario@correo_personal.com'),
(14, '9999999', '60184737', 'usuario@correo_personal.com'),
(15, '9999999', '68075620', 'usuario@correo_personal.com'),
(16, '9999999', '63239131', 'usuario@correo_personal.com'),
(17, '9999999', '69447203', 'usuario@correo_personal.com'),
(18, '9999999', '65807288', 'usuario@correo_personal.com'),
(19, '9999999', '67101570', 'usuario@correo_personal.com'),
(20, '9999999', '62980817', 'usuario@correo_personal.com'),
(21, '9999999', '65117969', 'usuario@correo_personal.com'),
(22, '9999999', '69038560', 'usuario@correo_personal.com'),
(23, '9999999', '68657313', 'usuario@correo_personal.com'),
(24, '9999999', '64824033', 'usuario@correo_personal.com'),
(25, '9999999', '63237787', 'usuario@correo_personal.com'),
(26, '9999999', '69578981', 'usuario@correo_personal.com'),
(27, '9999999', '69835357', 'usuario@correo_personal.com'),
(28, '9999999', '65044380', 'usuario@correo_personal.com'),
(29, '9999999', '62538081', 'usuario@correo_personal.com'),
(30, '9999999', '69986225', 'usuario@correo_personal.com'),
(31, '9999999', '68699091', 'usuario@correo_personal.com'),
(32, '9999999', '63081732', 'usuario@correo_personal.com'),
(33, '9999999', '62763216', 'usuario@correo_personal.com'),
(34, '9999999', '69563924', 'usuario@correo_personal.com'),
(35, '9999999', '67177934', 'usuario@correo_personal.com'),
(36, '9999999', '65561658', 'usuario@correo_personal.com'),
(37, '9999999', '65294086', 'usuario@correo_personal.com'),
(38, '9999999', '68813075', 'usuario@correo_personal.com'),
(39, '9999999', '69160601', 'usuario@correo_personal.com'),
(40, '9999999', '62244963', 'usuario@correo_personal.com'),
(41, '9999999', '65742238', 'usuario@correo_personal.com'),
(42, '9999999', '64040656', 'usuario@correo_personal.com'),
(43, '9999999', '68977768', 'usuario@correo_personal.com'),
(44, '9999999', '64155629', 'usuario@correo_personal.com'),
(45, '9999999', '65096883', 'usuario@correo_personal.com'),
(46, '9999999', '67179688', 'usuario@correo_personal.com'),
(47, '9999999', '67819748', 'usuario@correo_personal.com'),
(48, '9999999', '61063652', 'usuario@correo_personal.com'),
(49, '9999999', '60526790', 'usuario@correo_personal.com'),
(50, '9999999', '66711736', 'usuario@correo_personal.com'),
(51, '9999999', '61326041', 'usuario@correo_personal.com'),
(52, '9999999', '65825358', 'usuario@correo_personal.com'),
(53, '9999999', '67079327', 'usuario@correo_personal.com'),
(54, '9999999', '65399860', 'usuario@correo_personal.com'),
(55, '9999999', '61017872', 'usuario@correo_personal.com'),
(56, '9999999', '65584007', 'usuario@correo_personal.com'),
(57, '9999999', '66925519', 'usuario@correo_personal.com'),
(58, '9999999', '66559407', 'usuario@correo_personal.com'),
(59, '9999999', '68053751', 'usuario@correo_personal.com'),
(60, '9999999', '63041390', 'usuario@correo_personal.com'),
(61, '9999999', '66638147', 'usuario@correo_personal.com'),
(62, '9999999', '60075651', 'usuario@correo_personal.com'),
(63, '9999999', '61693863', 'usuario@correo_personal.com'),
(64, '9999999', '68093508', 'usuario@correo_personal.com'),
(65, '9999999', '0', 'usuario@correo_personal.com'),
(66, '9999999', '69060447', 'usuario@correo_personal.com'),
(67, '9999999', '69494506', 'usuario@correo_personal.com'),
(68, '9999999', '60105451', 'usuario@correo_personal.com'),
(69, '9999999', '68872131', 'usuario@correo_personal.com'),
(70, '9999999', '60279576', 'usuario@correo_personal.com'),
(71, '9999999', '65029039', 'usuario@correo_personal.com'),
(72, '9999999', '66939551', 'usuario@correo_personal.com'),
(73, '9999999', '65626433', 'usuario@correo_personal.com'),
(74, '9999999', '66945886', 'usuario@correo_personal.com'),
(75, '9999999', '0', 'usuario@correo_personal.com'),
(76, '9999999', '0', 'usuario@correo_personal.com'),
(77, '9999999', '66429775', 'usuario@correo_personal.com'),
(78, '9999999', '62395714', 'usuario@correo_personal.com'),
(79, '9999999', '68345651', 'usuario@correo_personal.com'),
(80, '9999999', '69212463', 'usuario@correo_personal.com'),
(81, '9999999', '62980817', 'usuario@correo_personal.com'),
(82, '9999999', '66734741', 'usuario@correo_personal.com'),
(83, '9999999', '67135450', 'usuario@correo_personal.com'),
(84, '9999999', '68561929', 'usuario@correo_personal.com'),
(85, '9999999', '62883394', 'usuario@correo_personal.com'),
(86, '9999999', '67865724', 'usuario@correo_personal.com'),
(87, '9999999', '68431785', 'usuario@correo_personal.com'),
(88, '9999999', '66537564', 'usuario@correo_personal.com'),
(89, '9999999', '67663252', 'usuario@correo_personal.com'),
(90, '9999999', '62761664', 'usuario@correo_personal.com'),
(91, '9999999', '66464864', 'usuario@correo_personal.com'),
(92, '9999999', '67602185', 'usuario@correo_personal.com'),
(93, '9999999', '65326539', 'usuario@correo_personal.com'),
(94, '9999999', '60190187', 'usuario@correo_personal.com'),
(95, '9999999', '66340597', 'usuario@correo_personal.com'),
(96, '9999999', '66964410', 'usuario@correo_personal.com'),
(97, '9999999', '69575044', 'usuario@correo_personal.com'),
(98, '9999999', '62320460', 'usuario@correo_personal.com'),
(99, '9999999', '68416083', 'usuario@correo_personal.com'),
(100, '9999999', '64871871', 'usuario@correo_personal.com'),
(101, '9999999', '66508764', 'usuario@correo_personal.com');

-- --------------------------------------------------------

--
-- Estructura de tabla para la tabla `inf_direccion`
--

CREATE TABLE IF NOT EXISTS `inf_direccion` (
  `id` int(11) NOT NULL AUTO_INCREMENT,
  `corregimiento_id` int(11) NOT NULL,
  `direccion` text NOT NULL,
  PRIMARY KEY (`id`),
  KEY `icorreg` (`corregimiento_id`)
) ENGINE=InnoDB AUTO_INCREMENT=102 DEFAULT CHARSET=utf8mb4;

--
-- Volcado de datos para la tabla `inf_direccion`
--

INSERT INTO `inf_direccion` (`id`, `corregimiento_id`, `direccion`) VALUES
(1, 382, 'Chorrera - Guadalupe'),
(2, 382, 'Capira - Lidice'),
(3, 382, '0'),
(4, 382, 'Rio Abajo - Calle 16'),
(5, 382, 'Chorrera - Guadalupe, Altos de San Francisco'),
(6, 382, '24 de Diciembre - Urb. Palo alto'),
(7, 382, 'Chorrera'),
(8, 382, 'Chorerra - Bda. El Prado'),
(9, 382, 'Chorrera, Bda. Mendozas Park.'),
(10, 382, 'Parque Lefevre'),
(11, 382, 'Marbella Edif. Flamenco'),
(12, 382, 'Chilibre - Las Palmitas'),
(13, 382, 'Arraijan - Bda. Lago Emperador'),
(14, 382, 'Las Cumbres - PH Lagos del Norte'),
(15, 382, 'Las Mañanitas - Bda. Los Nogales'),
(16, 382, 'San Miguelito - Villa Lucre'),
(17, 382, 'Tocumen - Bda. Buena Vista'),
(18, 382, 'Pedregal - Calle 1'),
(19, 382, 'Chorrera - Bda. Villa Massiel'),
(20, 382, 'San Miguelito - Los Andes'),
(21, 382, 'Alcalde Díaz - Calle la pintada'),
(22, 382, 'Curundú'),
(23, 382, 'San Miguelito - Los Andes'),
(24, 382, 'Don Bosco - Colonias del Prado'),
(25, 382, 'Arraijan - Bda. Altos del Tecal'),
(26, 382, 'Alcalde Díaz - Praderas de San Lorenzo'),
(27, 382, 'Juan Díaz - Nuevo Hipodromo'),
(28, 382, 'San Miguelito - Valle Urraca'),
(29, 382, 'Chilibre - Agua Bendita'),
(30, 382, 'Arraijan - Vista Alegre, El Tecal'),
(31, 382, 'Chorrera - Bda. La Esmeralda'),
(32, 382, 'Betania - La Gloria'),
(33, 382, 'Arraijan - Bda. Nuevo Arraijan '),
(34, 382, 'San Miguelito - El Crisol'),
(35, 382, 'San Miguelito - Cerro Batea'),
(36, 382, 'Las Mañanitas - Los Nogales'),
(37, 382, 'Pueblo Nuevo - Berreduela octava'),
(38, 382, 'Arraijan - Bda. Bosque de Valle Hermoso'),
(39, 382, 'Chorrera - Urb. Bosque Dorado'),
(40, 382, 'Arraijan - Vista Hermosa'),
(41, 382, 'Arraijan -Bda. Los Pinos'),
(42, 382, 'Chorrera - Barrio Colón'),
(43, 382, 'Arraijan - Nuevo Emperador'),
(44, 382, 'San Miguelito - Santa Librada 2da etapa'),
(45, 382, 'Pedregal - Rana de Oro'),
(46, 382, 'Las Cumbres - Bda. Cumbre Azul'),
(47, 382, 'Arraijan - Brisas del Golf'),
(48, 382, 'San Miguelito - San Antonio'),
(49, 382, 'Chorrera - Bda. Santa Librada nº1'),
(50, 382, 'San Miguelito - Villa Lucre'),
(51, 382, 'Juan Díaz - Los Guayacanes'),
(52, 382, 'Juan Diaz - Llano Bonito'),
(53, 382, 'Las Mañanita - Bda. Los Nogales'),
(54, 382, 'Chorrera - Quintas del Pacifico'),
(55, 382, 'Juan Díaz - San Pedro'),
(56, 382, 'Veracruz - Bda. Altos de la Roca'),
(57, 382, 'San Miguelito - San Jose'),
(58, 382, 'San Miguelito - Santa Librada'),
(59, 382, 'Chorrera - Bda. Brisas de San Francisco'),
(60, 382, 'Arraijan - Bda. Nuevo Arraijan '),
(61, 382, 'Las Cumbres - PH Lagos del Norte'),
(62, 382, 'Calidonia - Edif. La Fuente'),
(63, 382, 'Juan Díaz - Bda. El Porvenir'),
(64, 382, 'El Chorrillo - Edif. La Pese'),
(65, 382, 'San Miguelito - Santa Librada'),
(66, 382, 'Arraijan - Nuevo emperador, Bda. Villas del Lago'),
(67, 382, 'Alcalde Díaz - Las cumbres, San Roque'),
(68, 382, 'San Miguelito - Barrio Tierra Prometida'),
(69, 382, 'Chorrera - Barrio Colón'),
(70, 382, 'Rio Abajo - PH Señorial del Río'),
(71, 382, 'Arraijan - Residencial Nuevo Arraijan'),
(72, 382, 'Juan Díaz - San Pedro'),
(73, 382, 'Betania - El ingenio'),
(74, 382, 'Don Bosco, Calle los Sauces'),
(75, 382, 'Rio Abajo - Villa Gabriela'),
(76, 382, 'San Miguelito - El Diamante'),
(77, 382, 'San Miguelito - Santa Librada'),
(78, 382, 'Rio Abajo - PH Sta. 19 Road'),
(79, 382, 'Tocumen - La Siesta'),
(80, 382, 'Chilibre - San Vicente'),
(81, 382, 'Alcalde Díaz - Villa las Cumbres'),
(82, 382, 'Juan Díaz - Campo Limberg'),
(83, 382, 'Alcalde Díaz - Colina de las Cumbres'),
(84, 382, 'Arraijan - Caceres'),
(85, 382, 'Chorrera - Bda. Montelimar'),
(86, 382, 'Chorerra - Bda. Valle Real'),
(87, 382, 'Cañita - Bda. Nueva Esperenza'),
(88, 382, 'San Miguelito - Ojo de Agua'),
(89, 382, 'Chorrera - Guadalupe, La espiga'),
(90, 382, 'Pacora - Bda. Santa Isabel'),
(91, 382, '0'),
(92, 382, 'La Chorrera-Barrio Balboa'),
(93, 382, 'Chorrera - Bda. El Progreso'),
(94, 382, 'Arraijan - Cerro Silvestre'),
(95, 382, 'Las Mañanitas - Residencial las Américas'),
(96, 382, 'Calidonia - Edif. Maggie'),
(97, 382, 'San Miguelito - Paraiso'),
(98, 382, '0'),
(99, 382, 'Chorerra - Bda. El Prado'),
(100, 382, 'Arraijan - Nuevo Arraijan'),
(101, 382, 'Arraijan - Bda. Colinas Del Sol');

-- --------------------------------------------------------

--
-- Estructura de tabla para la tabla `inf_emergencia`
--

CREATE TABLE IF NOT EXISTS `inf_emergencia` (
  `id` int(11) NOT NULL AUTO_INCREMENT,
  `contacto` varchar(75) NOT NULL,
  `relacion` varchar(75) NOT NULL,
  `telefono` varchar(15) NOT NULL,
  PRIMARY KEY (`id`)
) ENGINE=InnoDB AUTO_INCREMENT=102 DEFAULT CHARSET=utf8mb4;

--
-- Volcado de datos para la tabla `inf_emergencia`
--

INSERT INTO `inf_emergencia` (`id`, `contacto`, `relacion`, `telefono`) VALUES
(1, 'Nombre Familiar', 'familiar', '9999999'),
(2, 'Nombre Familiar', 'familiar', '9999999'),
(3, 'Nombre Familiar', 'familiar', '9999999'),
(4, 'Nombre Familiar', 'familiar', '9999999'),
(5, 'Nombre Familiar', 'familiar', '9999999'),
(6, 'Nombre Familiar', 'familiar', '9999999'),
(7, 'Nombre Familiar', 'familiar', '9999999'),
(8, 'Nombre Familiar', 'familiar', '9999999'),
(9, 'Nombre Familiar', 'familiar', '9999999'),
(10, 'Nombre Familiar', 'familiar', '9999999'),
(11, 'Nombre Familiar', 'familiar', '9999999'),
(12, 'Nombre Familiar', 'familiar', '9999999'),
(13, 'Nombre Familiar', 'familiar', '9999999'),
(14, 'Nombre Familiar', 'familiar', '9999999'),
(15, 'Nombre Familiar', 'familiar', '9999999'),
(16, 'Nombre Familiar', 'familiar', '9999999'),
(17, 'Nombre Familiar', 'familiar', '9999999'),
(18, 'Nombre Familiar', 'familiar', '9999999'),
(19, 'Nombre Familiar', 'familiar', '9999999'),
(20, 'Nombre Familiar', 'familiar', '9999999'),
(21, 'Nombre Familiar', 'familiar', '9999999'),
(22, 'Nombre Familiar', 'familiar', '9999999'),
(23, 'Nombre Familiar', 'familiar', '9999999'),
(24, 'Nombre Familiar', 'familiar', '9999999'),
(25, 'Nombre Familiar', 'familiar', '9999999'),
(26, 'Nombre Familiar', 'familiar', '9999999'),
(27, 'Nombre Familiar', 'familiar', '9999999'),
(28, 'Nombre Familiar', 'familiar', '9999999'),
(29, 'Nombre Familiar', 'familiar', '9999999'),
(30, 'Nombre Familiar', 'familiar', '9999999'),
(31, 'Nombre Familiar', 'familiar', '9999999'),
(32, 'Nombre Familiar', 'familiar', '9999999'),
(33, 'Nombre Familiar', 'familiar', '9999999'),
(34, 'Nombre Familiar', 'familiar', '9999999'),
(35, 'Nombre Familiar', 'familiar', '9999999'),
(36, 'Nombre Familiar', 'familiar', '9999999'),
(37, 'Nombre Familiar', 'familiar', '9999999'),
(38, 'Nombre Familiar', 'familiar', '9999999'),
(39, 'Nombre Familiar', 'familiar', '9999999'),
(40, 'Nombre Familiar', 'familiar', '9999999'),
(41, 'Nombre Familiar', 'familiar', '9999999'),
(42, 'Nombre Familiar', 'familiar', '9999999'),
(43, 'Nombre Familiar', 'familiar', '9999999'),
(44, 'Nombre Familiar', 'familiar', '9999999'),
(45, 'Nombre Familiar', 'familiar', '9999999'),
(46, 'Nombre Familiar', 'familiar', '9999999'),
(47, 'Nombre Familiar', 'familiar', '9999999'),
(48, 'Nombre Familiar', 'familiar', '9999999'),
(49, 'Nombre Familiar', 'familiar', '9999999'),
(50, 'Nombre Familiar', 'familiar', '9999999'),
(51, 'Nombre Familiar', 'familiar', '9999999'),
(52, 'Nombre Familiar', 'familiar', '9999999'),
(53, 'Nombre Familiar', 'familiar', '9999999'),
(54, 'Nombre Familiar', 'familiar', '9999999'),
(55, 'Nombre Familiar', 'familiar', '9999999'),
(56, 'Nombre Familiar', 'familiar', '9999999'),
(57, 'Nombre Familiar', 'familiar', '9999999'),
(58, 'Nombre Familiar', 'familiar', '9999999'),
(59, 'Nombre Familiar', 'familiar', '9999999'),
(60, 'Nombre Familiar', 'familiar', '9999999'),
(61, 'Nombre Familiar', 'familiar', '9999999'),
(62, 'Nombre Familiar', 'familiar', '9999999'),
(63, 'Nombre Familiar', 'familiar', '9999999'),
(64, 'Nombre Familiar', 'familiar', '9999999'),
(65, 'Nombre Familiar', 'familiar', '9999999'),
(66, 'Nombre Familiar', 'familiar', '9999999'),
(67, 'Nombre Familiar', 'familiar', '9999999'),
(68, 'Nombre Familiar', 'familiar', '9999999'),
(69, 'Nombre Familiar', 'familiar', '9999999'),
(70, 'Nombre Familiar', 'familiar', '9999999'),
(71, 'Nombre Familiar', 'familiar', '9999999'),
(72, 'Nombre Familiar', 'familiar', '9999999'),
(73, 'Nombre Familiar', 'familiar', '9999999'),
(74, 'Nombre Familiar', 'familiar', '9999999'),
(75, 'Nombre Familiar', 'familiar', '9999999'),
(76, 'Nombre Familiar', 'familiar', '9999999'),
(77, 'Nombre Familiar', 'familiar', '9999999'),
(78, 'Nombre Familiar', 'familiar', '9999999'),
(79, 'Nombre Familiar', 'familiar', '9999999'),
(80, 'Nombre Familiar', 'familiar', '9999999'),
(81, 'Nombre Familiar', 'familiar', '9999999'),
(82, 'Nombre Familiar', 'familiar', '9999999'),
(83, 'Nombre Familiar', 'familiar', '9999999'),
(84, 'Nombre Familiar', 'familiar', '9999999'),
(85, 'Nombre Familiar', 'familiar', '9999999'),
(86, 'Nombre Familiar', 'familiar', '9999999'),
(87, 'Nombre Familiar', 'familiar', '9999999'),
(88, 'Nombre Familiar', 'familiar', '9999999'),
(89, 'Nombre Familiar', 'familiar', '9999999'),
(90, 'Nombre Familiar', 'familiar', '9999999'),
(91, 'Nombre Familiar', 'familiar', '9999999'),
(92, 'Nombre Familiar', 'familiar', '9999999'),
(93, 'Nombre Familiar', 'familiar', '9999999'),
(94, 'Nombre Familiar', 'familiar', '9999999'),
(95, 'Nombre Familiar', 'familiar', '9999999'),
(96, 'Nombre Familiar', 'familiar', '9999999'),
(97, 'Nombre Familiar', 'familiar', '9999999'),
(98, 'Nombre Familiar', 'familiar', '9999999'),
(99, 'Nombre Familiar', 'familiar', '9999999'),
(100, 'Nombre Familiar', 'familiar', '9999999'),
(101, 'Nombre Familiar', 'familiar', '9999999');

-- --------------------------------------------------------

--
-- Estructura de tabla para la tabla `inf_laboral`
--

CREATE TABLE IF NOT EXISTS `inf_laboral` (
  `id` int(11) NOT NULL AUTO_INCREMENT,
  `usuario` varchar(30) NOT NULL,
  `codempleado` varchar(25) NOT NULL,
  `unidad_id` int(11) NOT NULL,
  `direccion_id` int(11) NOT NULL,
  `cargo_id` int(11) NOT NULL,
  `jefe_id` int(11) NOT NULL,
  `area_id` int(11) NOT NULL,
  `salario` varchar(10) NOT NULL,
  `ingresodt` date NOT NULL,
  `estado_id` int(11) NOT NULL,
  PRIMARY KEY (`id`),
  UNIQUE KEY `usuario` (`usuario`),
  KEY `idarea` (`area_id`),
  KEY `idcargo` (`cargo_id`),
  KEY `idestado` (`estado_id`),
  KEY `idjefe` (`jefe_id`)
) ENGINE=InnoDB AUTO_INCREMENT=102 DEFAULT CHARSET=utf8mb4;

--
-- Volcado de datos para la tabla `inf_laboral`
--

INSERT INTO `inf_laboral` (`id`, `usuario`, `codempleado`, `unidad_id`, `direccion_id`, `cargo_id`, `jefe_id`, `area_id`, `salario`, `ingresodt`, `estado_id`) VALUES
(1, 'aigraell', '8-64-01-0-00461', 0, 0, 12, 7, 6, '1032', '2014-08-04', 1),
(2, 'antejada', '8-64-01-0-00604', 0, 0, 6, 6, 6, '1691', '2009-10-01', 1),
(3, 'adominici', '8-64-01-8-00101', 0, 0, 8, 10, 2, '3500', '2001-09-12', 1),
(4, 'bramirez', '8-64-01-0-00582', 0, 0, 12, 11, 6, '1032', '2014-02-03', 1),
(5, 'davconcepcion', '8-64-01-0-00535', 0, 0, 12, 12, 6, '1032', '2014-08-04', 1),
(6, 'ferncastillo', '8-64-01-0-00118', 0, 0, 3, 6, 7, '1711', '2012-12-17', 1),
(7, 'glguerra', '8-64-01-0-00619', 0, 0, 6, 9, 6, '1981', '2008-10-16', 1),
(8, 'inggomez', '8-64-01-0-00316', 0, 0, 12, 4, 1, '1032', '2015-03-16', 1),
(9, 'jluis', '8-64-01-0-00638', 0, 0, 5, 16, 1, '670', '2016-04-04', 1),
(10, 'locerrud', '8-64-01-0-00315', 0, 0, 12, 14, 4, '1147', '2012-12-19', 1),
(11, 'marmosquera', '8-08-01-0-94139', 0, 0, 1, 1, 8, '3500', '2017-08-01', 1),
(12, 'mford', '8-64-01-0-00467', 0, 0, 12, 14, 4, '1147', '2013-04-01', 1),
(13, 'scoke', '8-64-01-0-00519', 0, 0, 12, 8, 6, '1032', '2014-02-03', 1),
(14, 'wsabin', '8-64-01-0-00400', 0, 0, 3, 9, 7, '1262', '2007-08-27', 1),
(15, 'kbennett', '8-64-01-0-00564', 0, 0, 12, 14, 4, '1147', '2013-05-01', 1),
(16, 'khubner', '8-64-01-0-00136', 0, 0, 10, 4, 3, '1800', '2013-06-17', 1),
(17, 'yacastro', '8-64-01-0-00182', 0, 0, 12, 8, 6, '1147', '2012-11-01', 1),
(18, 'jospinzon', '8-64-01-0-00474', 0, 0, 13, 7, 6, '1147', '2013-04-01', 1),
(19, 'lijuarez', '8-64-01-0-00408', 0, 0, 12, 13, 6, '1147', '2013-11-06', 1),
(20, 'loguevara', '8-64-01-0-00115', 0, 0, 6, 9, 6, '1691', '2012-09-03', 1),
(21, 'danitbatista', '8-64-01-0-00599', 0, 0, 12, 15, 6, '1032', '2013-12-03', 1),
(22, 'edpineda', '8-64-01-0-00183', 0, 0, 11, 16, 1, '712', '2012-11-01', 1),
(23, 'maryherrera', '8-64-01-0-00169', 0, 0, 12, 14, 4, '1147', '2012-04-16', 1),
(24, 'johenriquez', '8-10-01-0-01860', 0, 0, 4, 16, 1, '1500', '2018-06-04', 1),
(25, 'girgonzalez', '8-64-01-0-00565', 0, 0, 12, 7, 6, '1032', '2014-08-04', 1),
(26, 'dixguerrero', '8-64-01-0-00116', 0, 0, 6, 9, 6, '1691', '2012-09-03', 1),
(27, 'jemoran', '8-64-01-0-00615', 0, 0, 3, 9, 7, '1566', '2014-12-16', 1),
(28, 'sarrodriguez', '8-64-01-0-00483', 0, 0, 12, 2, 6, '1032', '2013-04-01', 1),
(29, 'frchong', '8-64-01-0-00135', 0, 0, 3, 1, 7, '1711', '2013-04-17', 1),
(30, 'dancedeno', '8-64-01-0-00555', 0, 0, 12, 13, 6, '1147', '2013-05-01', 1),
(31, 'marjlopez', '8-64-01-0-00361', 0, 0, 13, 3, 6, '1224', '2015-02-12', 1),
(32, 'eshernandez', '8-64-01-0-00237', 0, 0, 12, 13, 6, '1147', '2012-12-17', 1),
(33, 'ivnunez', '8-64-01-0-00676', 0, 0, 12, 12, 6, '1032', '2014-02-19', 1),
(34, 'anbethancourt', '8-64-01-0-00109', 0, 0, 13, 5, 6, '1474', '2007-08-27', 1),
(35, 'vdelrio', '8-64-01-0-01037', 0, 0, 13, 16, 1, '1099', '2013-12-27', 1),
(36, 'gcoronado', '8-64-01-0-00410', 0, 0, 12, 12, 6, '1147', '2013-11-06', 1),
(37, 'julcorrea', '8-64-01-0-00254', 0, 0, 12, 2, 6, '1032', '2014-04-01', 1),
(38, 'arqgalvez', '8-64-01-0-00114', 0, 0, 5, 16, 1, '961', '2012-10-01', 1),
(39, 'dafuentes', '8-64-01-0-00198', 0, 0, 6, 6, 6, '4500', '2012-09-17', 1),
(40, 'hfranco', '8-64-01-0-00575', 0, 0, 1, 6, 8, '1147', '2013-04-18', 1),
(41, 'lcortez', '8-64-01-0-00620', 0, 0, 6, 6, 6, '2126', '2002-08-21', 1),
(42, 'nivaldes', '8-64-01-0-00275', 0, 0, 13, 2, 6, '1147', '2012-12-03', 1),
(43, 'rubmorales', '8-64-01-0-00310', 0, 0, 12, 13, 6, '1147', '2012-12-17', 1),
(44, 'rolaguilar', '8-64-01-0-00668', 0, 0, 12, 14, 4, '1032', '2014-02-19', 1),
(45, 'rmontero', '8-64-01-0-00306', 0, 0, 12, 11, 6, '1147', '2012-12-17', 1),
(46, 'melmartinez', '8-64-01-0-00302', 0, 0, 12, 2, 6, '1147', '2012-12-17', 1),
(47, 'yrahman', '8-64-01-0-00617', 0, 0, 6, 1, 6, '2126', '2007-07-27', 1),
(48, 'dmolino', '8-64-01-0-00524', 0, 0, 12, 3, 6, '1032', '2015-07-15', 1),
(49, 'neriortega', '8-64-01-0-00459', 0, 0, 13, 11, 6, '1147', '2013-04-01', 1),
(50, 'lmartinez', '8-64-01-0-00235', 0, 0, 12, 7, 6, '1147', '2012-12-17', 1),
(51, 'novilla', '8-64-01-0-00932', 0, 0, 12, 3, 6, '917', '2019-05-15', 1),
(52, 'jbrugiatti', '8-64-01-0-00486', 0, 0, 12, 5, 6, '1147', '2013-04-01', 1),
(53, 'nlondono', '8-64-01-0-00448', 0, 0, 12, 5, 6, '1147', '2013-03-05', 1),
(54, 'arenteria', '8-64-01-0-00655', 0, 0, 12, 5, 6, '1032', '2014-04-21', 1),
(55, 'cacollado', '8-64-01-0-00335', 0, 0, 12, 8, 6, '1032', '2015-04-17', 1),
(56, 'siolivares', '8-64-01-0-00323', 0, 0, 12, 3, 6, '1147', '2012-12-17', 1),
(57, 'tpolo', '8-64-01-0-00433', 0, 0, 12, 8, 6, '1147', '2013-03-18', 1),
(58, 'gisssanchez', '8-64-01-0-00322', 0, 0, 12, 7, 6, '1147', '2012-12-17', 1),
(59, 'gman', '8-64-01-0-00531', 0, 0, 12, 12, 6, '1032', '2014-02-03', 1),
(60, 'jaquiros', '8-64-01-0-00124', 0, 0, 3, 6, 7, '1711', '2012-12-17', 1),
(61, 'vquiros', '8-64-01-0-00367', 0, 0, 6, 6, 6, '1691', '2012-01-01', 1),
(62, 'avelez', '8-64-01-0-00651', 0, 0, 12, 14, 4, '1032', '2014-04-21', 1),
(63, 'conavarro', '8-64-01-0-00552', 0, 0, 12, 12, 6, '1147', '2013-05-01', 1),
(64, 'celirodriguez', '8-64-01-0-00348', 0, 0, 12, 15, 6, '1147', '2011-12-01', 1),
(65, 'yarmunoz', '8-64-01-0-00469', 0, 0, 12, 15, 6, '1147', '2013-04-01', 1),
(66, 'cacedeno', '8-64-01-0-00301', 0, 0, 12, 14, 4, '1147', '2012-12-17', 1),
(67, 'dachen', '8-64-01-0-00621', 0, 0, 6, 9, 6, '2126', '2001-05-07', 1),
(68, 'yulrodriguez', '8-64-01-0-00261', 0, 0, 12, 3, 6, '1032', '2014-04-01', 1),
(69, 'vedelacruz', '8-64-01-0-00548', 0, 0, 12, 12, 6, '1147', '2013-04-17', 1),
(70, 'glchanis', '8-64-01-0-00536', 0, 0, 12, 8, 6, '1147', '2013-04-16', 1),
(71, 'vimoran', '8-64-01-0-00432', 0, 0, 12, 7, 6, '1147', '2011-09-01', 1),
(72, 'yavallejos', '8-64-01-0-00494', 0, 0, 12, 13, 6, '1147', '2013-04-01', 1),
(73, 'ralgandona', '8-64-01-0-00625', 0, 0, 9, 4, 3, '1800', '2014-11-06', 1),
(74, 'vtejada', '8-64-01-0-00366', 0, 0, 6, 1, 6, '1691', '2011-10-03', 1),
(75, 'yetienne', '8-64-01-0-00493', 0, 0, 12, 8, 6, '1147', '2013-04-02', 1),
(76, 'yramos', '8-64-01-0-00336', 0, 0, 12, 2, 6, '1147', '2012-12-17', 1),
(77, 'ztrejos', '8-64-01-0-00272', 0, 0, 12, 11, 6, '1147', '2012-12-03', 1),
(78, 'milagonzalez', '8-64-01-0-00122', 0, 0, 3, 1, 7, '1711', '2012-12-17', 1),
(79, 'yamilgonzalez', '8-64-01-0-00253', 0, 0, 12, 15, 6, '1147', '2012-12-03', 1),
(80, 'gorodriguez', '8-64-01-0-00482', 0, 0, 12, 15, 6, '1032', '2014-02-03', 1),
(81, 'marvillarreal', '8-64-01-0-00111', 0, 0, 13, 12, 6, '1599', '2007-08-27', 1),
(82, 'dreina', '8-64-01-0-00627', 0, 0, 6, 1, 3, '1691', '2014-02-03', 1),
(83, 'kdurango', '8-64-01-0-00558', 0, 0, 12, 5, 6, '1147', '2013-05-01', 1),
(84, 'ariasanchez', '8-64-01-0-00276', 0, 0, 12, 3, 6, '1147', '2012-12-03', 1),
(85, 'marielrodriguez', '8-64-01-0-00571', 0, 0, 13, 13, 6, '1147', '2013-04-01', 1),
(86, 'ensandoval', '8-64-01-0-00672', 0, 0, 12, 11, 6, '1032', '2014-04-01', 1),
(87, 'gerreyes', '8-64-01-0-00545', 0, 0, 12, 11, 6, '917', '2014-04-01', 1),
(88, 'jearrocha', '8-64-01-0-00933', 0, 0, 12, 2, 6, '917', '2019-05-06', 1),
(89, 'kchan', '8-64-01-0-00545', 0, 0, 7, 9, 8, '1546', '2014-08-04', 1),
(90, 'rossantamaria', '8-64-01-0-00219', 0, 0, 12, 13, 6, '1032', '2015-01-02', 1),
(91, 'gaflores', '8-64-01-0-00674', 0, 0, 12, 5, 6, '1032', '2014-02-19', 1),
(92, 'cvillaverde', '8-64-01-0-00462', 0, 0, 12, 15, 6, '1147', '2013-04-01', 1),
(93, 'mnoval', '8-64-01-0-00295', 0, 0, 12, 7, 6, '1147', '2013-02-15', 1),
(94, 'jpile', '8-64-01-0-00447', 0, 0, 12, 5, 6, '1147', '2013-03-05', 1),
(95, 'aarchibold', '8-64-01-0-00497', 0, 0, 13, 15, 6, '1147', '2013-04-02', 1),
(96, 'sveliz', '8-64-01-0-01115', 0, 0, 2, 4, 1, '1567', '2017-09-01', 1),
(97, 'zestrada', '8-64-01-0-00546', 0, 0, 12, 11, 6, '1032', '2014-02-03', 1),
(98, 'jmina', '8-64-01-0-00350', 0, 0, 13, 8, 6, '1349', '2011-12-01', 1),
(99, 'ericgonzalezv', '8-64-01-0-00125', 0, 0, 10, 4, 3, '1800', '2012-06-15', 1),
(100, 'jingonzalez', '8-64-01-0-00608', 0, 0, 12, 3, 6, '1032', '2014-09-01', 1),
(101, 'lilmoreno', '8-64-01-0-00252', 0, 0, 12, 2, 6, '1147', '2012-12-03', 1);

-- --------------------------------------------------------

--
-- Estructura de tabla para la tabla `inf_medica`
--

CREATE TABLE IF NOT EXISTS `inf_medica` (
  `id` int(11) NOT NULL AUTO_INCREMENT,
  `cond_medica` text NOT NULL,
  `tipo_sangre` int(11) NOT NULL,
  `medico` varchar(75) NOT NULL,
  PRIMARY KEY (`id`),
  KEY `cfgtipos` (`tipo_sangre`)
) ENGINE=InnoDB AUTO_INCREMENT=102 DEFAULT CHARSET=utf8mb4;

--
-- Volcado de datos para la tabla `inf_medica`
--

INSERT INTO `inf_medica` (`id`, `cond_medica`, `tipo_sangre`, `medico`) VALUES
(1, '', 9, ''),
(2, '', 9, ''),
(3, '', 9, ''),
(4, '', 9, ''),
(5, '', 9, ''),
(6, '', 7, ''),
(7, '', 9, ''),
(8, '', 9, ''),
(9, '', 9, ''),
(10, '', 9, ''),
(11, '', 9, ''),
(12, '', 9, ''),
(13, 'asma', 5, ''),
(14, '', 9, ''),
(15, '', 7, ''),
(16, '', 9, ''),
(17, 'Anemia falciforme ff', 3, ''),
(18, '', 9, ''),
(19, '', 9, ''),
(20, '', 9, ''),
(21, 'Eritromisina', 9, ''),
(22, '', 9, ''),
(23, '', 9, ''),
(24, '', 9, ''),
(25, '', 9, ''),
(26, '', 9, ''),
(27, '', 9, ''),
(28, '', 9, ''),
(29, '', 9, ''),
(30, 'No puede en pastillas omeprazol ranitidida solo intravenosa', 7, ''),
(31, '', 9, ''),
(32, '', 9, ''),
(33, '', 9, ''),
(34, '', 9, ''),
(35, '', 9, ''),
(36, '', 7, ''),
(37, 'Presión Alta, Intestino irritable', 3, ''),
(38, '', 9, ''),
(39, '', 9, ''),
(40, '', 9, ''),
(41, '', 9, ''),
(42, '', 9, ''),
(43, '', 9, ''),
(44, 'Polvo Lactosa', 3, ''),
(45, '', 9, ''),
(46, '', 9, ''),
(47, '', 9, ''),
(48, '', 9, ''),
(49, '', 9, ''),
(50, '', 9, ''),
(51, '', 9, ''),
(52, 'no', 1, ''),
(53, '', 9, ''),
(54, '', 9, ''),
(55, '', 1, ''),
(56, '', 9, ''),
(57, '', 9, ''),
(58, '', 9, ''),
(59, '', 9, ''),
(60, '', 9, ''),
(61, '', 9, ''),
(62, '', 9, ''),
(63, '', 9, ''),
(64, '', 9, ''),
(65, '', 9, ''),
(66, '', 9, ''),
(67, 'Saludable', 7, ''),
(68, '', 9, ''),
(69, 'polvo (acaros, bichos, clima)', 1, ''),
(70, '', 7, ''),
(71, '', 9, ''),
(72, '', 9, ''),
(73, '', 9, ''),
(74, '', 9, ''),
(75, 'Gastritis', 1, ''),
(76, '', 9, ''),
(77, '', 9, ''),
(78, '', 9, ''),
(79, '', 9, ''),
(80, '', 9, ''),
(81, '', 9, ''),
(82, '', 9, ''),
(83, '', 7, ''),
(84, '', 9, ''),
(85, '', 9, ''),
(86, '', 9, ''),
(87, '', 9, ''),
(88, '', 9, ''),
(89, '', 9, ''),
(90, '', 9, ''),
(91, '', 9, ''),
(92, '', 9, ''),
(93, '', 9, ''),
(94, '', 9, ''),
(95, '', 1, ''),
(96, '', 9, ''),
(97, 'penisilina', 7, ''),
(98, '', 9, ''),
(99, '', 9, ''),
(100, '', 9, ''),
(101, '', 9, '');

-- --------------------------------------------------------

--
-- Estructura de tabla para la tabla `inf_personal`
--

CREATE TABLE IF NOT EXISTS `inf_personal` (
  `id` int(11) NOT NULL AUTO_INCREMENT,
  `nombres` varchar(50) NOT NULL,
  `apellidop` varchar(50) NOT NULL,
  `apellidom` varchar(50) NOT NULL,
  `genero_id` int(11) NOT NULL,
  `cedula` varchar(15) NOT NULL,
  `nacimientodt` date NOT NULL,
  PRIMARY KEY (`id`),
  KEY `igenero` (`genero_id`)
) ENGINE=InnoDB AUTO_INCREMENT=102 DEFAULT CHARSET=utf8mb4;

--
-- Volcado de datos para la tabla `inf_personal`
--

INSERT INTO `inf_personal` (`id`, `nombres`, `apellidop`, `apellidom`, `genero_id`, `cedula`, `nacimientodt`) VALUES
(1, ' Aidil Yimara', 'Graell', '', 1, '8-849-25', '1990-10-12'),
(2, ' Antonia', 'Tejada', '', 1, 'N-20-1415', '1977-05-20'),
(3, ' Antonio ', 'Dominici', '', 2, '8-753-1506', '1982-01-30'),
(4, ' Batherline Jorgeth', 'Ramirez', '', 1, '8-869-2107', '1993-02-10'),
(5, ' David Enrique', 'Concepcion', '', 2, '8-860-2483', '1992-07-15'),
(6, ' Fernando', 'Castillo', '', 2, '2-725-927', '1990-06-21'),
(7, ' Glenis', 'Guerra', '', 1, '4-716-476', '1979-08-30'),
(8, ' Ingrid Vianny', 'Gomez', '', 1, '4-758-631', '1984-08-04'),
(9, ' José Luis', 'Cortes', '', 2, '8-734-2198', '1989-08-30'),
(10, ' Lorena Itzel', 'Cerrud', '', 1, '4-720-1521', '1980-12-27'),
(11, ' Maria Cristina', 'Mosquera', '', 1, '8-417-815', '1951-09-19'),
(12, ' Mariela', 'Ford', '', 1, '3-705-1944', '1976-12-11'),
(13, ' Shanthal Yauri', 'Coke', '', 1, '3-721-1565', '1988-08-20'),
(14, ' Willey', 'Sabin', '', 2, '4-740-1070', '1986-07-07'),
(15, ' Khiara Lisseth', 'Bennett', 'Agrazal', 1, '8-833-1623', '1989-04-15'),
(16, ' Karl Heinz', 'Hubner', 'Alvarez', 2, '3-85-356', '1963-05-04'),
(17, ' Yasury', 'Castro', 'Alvarez', 1, '8-815-1978', '1988-01-24'),
(18, ' Josselyn Aurora', 'Pinzon', 'Andrade', 1, '8-804-1981', '1987-04-04'),
(19, ' Lilia Esther', 'Juárez', 'Anzoategui', 1, '8-803-1610', '1987-01-29'),
(20, ' Lorena', 'Guevara', 'Arcia', 1, '8-706-1429', '1977-02-13'),
(21, ' Danitza Lisbeth', 'Batista', 'Atencio', 1, '8-710-1848', '1977-08-19'),
(22, ' Eduardo', 'Pineda', 'Baloy', 2, '8-721-1021', '1977-07-01'),
(23, ' Maryory Lisbeth', 'Herrera', 'Barrias', 1, '8-791-328', '1985-12-23'),
(24, ' Josselyn Del Carmen', 'Henriquez', 'Bethancourt', 1, '8-745-435', '1981-03-30'),
(25, ' Gira Kiryet', 'Gonzalez', 'Blandon', 1, '8-740-159', '1980-09-20'),
(26, ' Dixiana Damaris', 'Guerrero', 'Camaño', 1, '8-726-2195', '1979-03-23'),
(27, ' Jesus Alberto', 'Moran', 'Chang', 2, '8-805-2276', '1987-05-24'),
(28, ' Sara Dianeth', 'Rodríguez', 'Chanis', 1, '8-884-2484', '1994-08-29'),
(29, ' Francisco', 'Chong', 'Chung', 2, '8-760-328', '1982-10-12'),
(30, ' Daniska Xiomara', 'Cedeño', 'Cordoba', 1, '8-793-2273', '1986-03-25'),
(31, ' Marjorie Yanethe', 'Lopez', 'Crosthwaite', 1, '8-822-1076', '1989-01-03'),
(32, ' Esther Maria', 'Hernández', 'DeLeon', 1, '9-218-99', '1976-01-19'),
(33, ' Ivonne Irene', 'Nuñez', 'Duarte', 1, '8-889-1018', '1995-01-26'),
(34, ' Ana Mercedes', 'Bethancourt', 'Figueroa', 1, '8-702-2177', '1976-09-24'),
(35, ' Annethe Vivian', 'Del Rio', 'Filippí', 1, '8-845-936', '1991-03-30'),
(36, ' Giovanni Esther', 'Coronado', 'Garcia', 1, '8-506-1002', '1976-01-14'),
(37, ' Julieta Mercedes', 'Correa', 'Garrido', 1, '8-333-739', '1968-06-26'),
(38, ' Arquimedes', 'Galvez', 'Gonzalez', 2, '8-727-1852', '1977-05-22'),
(39, ' Daniel Yosser', 'Fuentes', 'Gonzalez', 2, '8-732-2167', '1979-11-26'),
(40, ' Hernan', 'Franco', 'Gonzalez', 2, '9-721-2310', '1985-03-24'),
(41, ' Lorena', 'Cortes', 'Gonzalez', 1, '8-707-956', '1977-03-11'),
(42, ' Nilsa Yamileth', 'Valdes', 'Gonzalez', 1, '8-764-745', '1983-02-18'),
(43, ' Ruben Dario', 'Morales', 'Gonzalez', 2, '8-793-2458', '1986-01-24'),
(44, ' Rolando Manuel', 'Aguilar', 'Guardia', 2, '8-787-1607', '1985-07-25'),
(45, ' Ruth Maria', 'Montero', 'Guerra', 1, '8-772-1427', '1984-02-02'),
(46, ' Melva Rosa', 'Martínez', 'Gutierrez', 1, '2-713-2306', '1984-02-21'),
(47, ' Yaremi Naher', 'Rahman', 'Henriquez', 1, '8-444-813', '1973-09-12'),
(48, ' David Daniel', 'Molino', 'Hernandez', 2, '8-852-588', '1991-10-13'),
(49, ' Neribel Edith', 'Ortega', 'Jimenez', 1, '8-831-1427', '1989-12-09'),
(50, ' Luis Alberto', 'Martínez', 'Lagos', 2, '8-733-2015', '1979-12-01'),
(51, 'Norma Estephania', 'Villa', 'Levy', 1, '8-825-292', '1989-04-20'),
(52, ' Julio Cesar', 'Brugiatti', 'Lezcano', 2, '8-825-1255', '1989-05-25'),
(53, ' Nitzi Yelena', 'Londoño', 'Linares', 1, '8-732-190', '1979-06-17'),
(54, ' Amalia Juleydi', 'Renteria', 'Lopez', 1, '8-820-1537', '1988-11-14'),
(55, ' Carlos Andres', 'Collado', 'Lopez', 2, '8-836-2', '1988-03-23'),
(56, ' Sindy Itzel', 'Olivares', 'Lopez', 1, '8-743-2073', '1980-09-17'),
(57, ' Tatiana Del Carmen', 'Polo', 'Lopez', 1, '8-479-87', '1974-05-30'),
(58, ' Gisselle Yelena', 'Sánchez', 'Madrid', 1, '4-732-564', '1984-02-05'),
(59, ' Gabriela Esther', 'Man', 'Martinez', 1, '8-738-133', '1980-06-27'),
(60, ' Javier', 'Quiros', 'Martinez', 2, '8-771-1113', '1983-10-24'),
(61, ' Valerie Del Carmen', 'Quiros', 'Martinez', 1, '8-768-656', '1982-05-21'),
(62, ' Anyuri Osiris', 'Velez', 'Mejia', 1, '3-717-487', '1985-10-19'),
(63, ' Cornelio', 'Navarro', 'Miranda', 2, '8-255-471', '1965-09-23'),
(64, ' Celidet Nohemi', 'Rodriguez', 'Montenegro', 1, '8-789-1108', '1985-09-30'),
(65, ' Yariela Georgina ', 'Muñoz', 'Monterrey', 1, '8-763-786', '1983-01-16'),
(66, ' Carolyn Michelle', 'Cedeño', 'Montilla', 1, '8-816-488', '1988-06-07'),
(67, ' Dayra', 'Chen', 'Montoto', 1, '4-139-378', '1959-11-01'),
(68, ' Yulayquis', 'Rodriguez', 'Moreno', 1, '8-856-1543', '1991-10-09'),
(69, ' Veronica', 'De La Cruz', 'Muñoz', 1, '8-733-2380', '1980-01-13'),
(70, ' Gloria Esther', 'Chanis', 'Navarro', 1, '2-99-0006', '1963-06-03'),
(71, ' Victor', 'Morán', 'Nuñez', 2, '8-791-1471', '1986-01-13'),
(72, ' Yamileth Julissa', 'Vallejos', 'Nuñez', 1, '8-291-431', '1968-01-28'),
(73, ' Roberto Antonio', 'Algandona', 'Ortega', 2, '8-252-202', '1966-04-18'),
(74, ' Victor Ameth', 'Tejada', 'Osorio', 2, '8-703-153', '1976-09-22'),
(75, ' Yvette Angelica', 'Etienne', 'Parris', 1, '8-367-400', '1971-03-26'),
(76, ' Yariela Edith', 'Ramos', 'Peralta', 1, '9-740-422', '1992-08-08'),
(77, ' Zelhis Gizet', 'Trejos', 'Perez', 1, '8-742-2226', '1981-01-04'),
(78, ' Milagro Del Carmen', 'Gonzalez', 'Pimentel', 1, '8-705-1774', '1977-01-17'),
(79, ' Yamilka Iveth', 'González', 'Pino', 1, '8-771-2077', '1983-09-09'),
(80, ' Gonzalo', 'Rodriguez', 'Puga', 2, '8-820-1292', '1988-10-28'),
(81, ' Marichel', 'Villarreal', 'Quijada', 1, '3-720-404', '1987-09-19'),
(82, ' Daira Maydeline', 'Reina', 'Quintero', 1, '9-708-1406', '1979-07-03'),
(83, ' Katherina Isabel', 'Durango', 'Quirós', 1, '8-828-2374', '1989-09-15'),
(84, ' Ariadna Mineth', 'Sánchez', 'Reyes', 1, '8-850-630', '1991-06-11'),
(85, ' Marielis Arlet', 'Rodríguez', 'Reyna', 1, '8-854-427', '1991-12-17'),
(86, ' Enrique Antonio', 'Sandoval', 'Rivera', 2, '8-821-749', '1988-04-27'),
(87, ' Geraldine Odalis', 'Reyes', 'Rizo', 1, '8-824-1286', '1989-03-04'),
(88, ' Jesus Antonio', 'Arrocha', 'Robles', 2, '8-913-670', '1996-12-28'),
(89, ' Katherine Lizeth', 'Chan', 'Rodriguez', 1, '8-814-1310', '1988-04-15'),
(90, ' Rosilene Del Carmen', 'Santamaria', 'Romero', 1, '8-831-553', '1989-12-19'),
(91, ' Garla Judith', 'Flores', 'Samudio', 1, '8-882-493', '1994-07-07'),
(92, ' Cecibel Yaneth', 'Villaverde', 'Sauri', 1, '8-823-2243', '1989-03-03'),
(93, ' Marlen Teresa', 'Noval', 'Serrano', 1, '8-761-1812', '1982-11-15'),
(94, ' Joany Patricia', 'Pile', 'Sosa', 1, '8-843-1517', '1990-12-17'),
(95, ' Antonio Orlando', 'Archibold', 'Tejeira', 2, '4-718-2301', '1980-06-30'),
(96, ' Stephany Julieth', 'Veliz', 'Tello', 1, '6-716-1198', '1992-10-24'),
(97, ' Zuyitza Lizbeth', 'Estrada', 'Vargas', 1, '8-880-21', '1994-04-28'),
(98, ' José Luis', 'Mina', 'Velásquez', 2, '8-794-385', '1986-04-04'),
(99, ' Eric', 'Gonzalez', 'Velez', 2, '8-446-566', '1972-08-03'),
(100, ' Jinneth Janine', 'González', 'Villarreal', 1, '8-849-84', '1990-09-19'),
(101, ' Lilibeth', 'Moreno', 'Villega', 1, '9-719-2034', '1975-06-30');

-- --------------------------------------------------------

--
-- Estructura de tabla para la tabla `inf_salida`
--

CREATE TABLE IF NOT EXISTS `inf_salida` (
  `id` int(11) NOT NULL AUTO_INCREMENT,
  `salidadt` date NOT NULL,
  `motivo` text NOT NULL,
  PRIMARY KEY (`id`)
) ENGINE=InnoDB DEFAULT CHARSET=utf8mb4;

--
-- Restricciones para tablas volcadas
--

--
-- Filtros para la tabla `cfg_corregimientos`
--
ALTER TABLE `cfg_corregimientos`
  ADD CONSTRAINT `idistrit` FOREIGN KEY (`distrito_id`) REFERENCES `cfg_distritos` (`id`);

--
-- Filtros para la tabla `cfg_distritos`
--
ALTER TABLE `cfg_distritos`
  ADD CONSTRAINT `iprov` FOREIGN KEY (`provincia_id`) REFERENCES `cfg_provincias` (`id`);

--
-- Filtros para la tabla `cfg_permisos`
--
ALTER TABLE `cfg_permisos`
  ADD CONSTRAINT `ref_perfil` FOREIGN KEY (`perfil_id`) REFERENCES `cfg_perfiles` (`id`),
  ADD CONSTRAINT `ref_rol` FOREIGN KEY (`rol_id`) REFERENCES `cfg_roles` (`id`);

--
-- Filtros para la tabla `empleados`
--
ALTER TABLE `empleados`
  ADD CONSTRAINT `iacceso` FOREIGN KEY (`iacceso_id`) REFERENCES `inf_acceso` (`id`),
  ADD CONSTRAINT `icontacto` FOREIGN KEY (`icontacto_id`) REFERENCES `inf_contacto` (`id`),
  ADD CONSTRAINT `idireccion` FOREIGN KEY (`idireccion_id`) REFERENCES `inf_direccion` (`id`),
  ADD CONSTRAINT `iemergencia` FOREIGN KEY (`iemergencia_id`) REFERENCES `inf_emergencia` (`id`),
  ADD CONSTRAINT `ilaboral` FOREIGN KEY (`ilaboral_id`) REFERENCES `inf_laboral` (`id`),
  ADD CONSTRAINT `imedica` FOREIGN KEY (`imedica_id`) REFERENCES `inf_medica` (`id`),
  ADD CONSTRAINT `ipersonal` FOREIGN KEY (`ipersonal_id`) REFERENCES `inf_personal` (`id`);

--
-- Filtros para la tabla `inf_acceso`
--
ALTER TABLE `inf_acceso`
  ADD CONSTRAINT `inf_acceso_ibfk_1` FOREIGN KEY (`perfil`) REFERENCES `cfg_perfiles` (`id`) ON DELETE NO ACTION ON UPDATE NO ACTION;

--
-- Filtros para la tabla `inf_direccion`
--
ALTER TABLE `inf_direccion`
  ADD CONSTRAINT `icorreg` FOREIGN KEY (`corregimiento_id`) REFERENCES `cfg_corregimientos` (`id`);

--
-- Filtros para la tabla `inf_laboral`
--
ALTER TABLE `inf_laboral`
  ADD CONSTRAINT `idarea` FOREIGN KEY (`area_id`) REFERENCES `cfg_areas` (`id`),
  ADD CONSTRAINT `idcargo` FOREIGN KEY (`cargo_id`) REFERENCES `cfg_cargos` (`id`),
  ADD CONSTRAINT `idestado` FOREIGN KEY (`estado_id`) REFERENCES `cfg_estados` (`id`),
  ADD CONSTRAINT `idjefe` FOREIGN KEY (`jefe_id`) REFERENCES `cfg_jefes` (`id`);

--
-- Filtros para la tabla `inf_medica`
--
ALTER TABLE `inf_medica`
  ADD CONSTRAINT `cfgtipos` FOREIGN KEY (`tipo_sangre`) REFERENCES `cfg_tiposangre` (`id`);

--
-- Filtros para la tabla `inf_personal`
--
ALTER TABLE `inf_personal`
  ADD CONSTRAINT `igenero` FOREIGN KEY (`genero_id`) REFERENCES `cfg_generos` (`id`);
